RabA,RabB,RabC,RabD,RabE,RabF,RabG,RabH,RabI,xER,xPM,
1213000.0,1038000.0,783700.0,1432000.0,623400.0,450500.0,350300.0,389700.0,400700.0,2364000.0,2396000.0,
1213000.0,1038000.0,783600.0,1427000.0,598200.0,450500.0,350200.0,389700.0,400600.0,2388000.0,2421000.0,
1251000.0,1038000.0,783600.0,1427000.0,598200.0,450500.0,350200.0,389700.0,400600.0,2400000.0,2383000.0,
1251000.0,1038000.0,783600.0,1427000.0,592200.0,449000.0,350200.0,389700.0,400600.0,2400000.0,2390000.0,
1233000.0,1038000.0,783600.0,1423000.0,592000.0,449000.0,350200.0,389700.0,400500.0,2400000.0,2408000.0,
1219000.0,1038000.0,783600.0,1423000.0,592000.0,449000.0,350200.0,389700.0,400500.0,2400000.0,2421000.0,
1254000.0,1029000.0,782600.0,1423000.0,592000.0,449000.0,350200.0,389700.0,434800.0,2389000.0,2381000.0,
1236000.0,1024000.0,781900.0,1418000.0,592000.0,448900.0,350100.0,389600.0,434700.0,2389000.0,2405000.0,
1218000.0,1023000.0,781900.0,1408000.0,584500.0,448900.0,350100.0,389600.0,434700.0,2389000.0,2430000.0,
1218000.0,1023000.0,781800.0,1394000.0,559100.0,448900.0,350000.0,389500.0,434600.0,2389000.0,2456000.0,
1217000.0,1020000.0,781300.0,1390000.0,559000.0,448900.0,350000.0,389500.0,434500.0,2389000.0,2456000.0,
1275000.0,1020000.0,781300.0,1390000.0,551500.0,448900.0,350000.0,389500.0,484400.0,2351000.0,2405000.0,
1300000.0,1016000.0,781100.0,1385000.0,551400.0,448900.0,350000.0,389500.0,484300.0,2363000.0,2378000.0,
1300000.0,1016000.0,781100.0,1381000.0,529700.0,445300.0,349900.0,389500.0,484300.0,2363000.0,2403000.0,
1309000.0,1014000.0,781100.0,1381000.0,517200.0,445300.0,349900.0,389500.0,484300.0,2375000.0,2409000.0,
1287000.0,1014000.0,781100.0,1381000.0,494500.0,445300.0,349900.0,389500.0,484300.0,2375000.0,2453000.0,
1313000.0,1014000.0,781100.0,1381000.0,469600.0,444100.0,348400.0,389500.0,484300.0,2387000.0,2456000.0,
1308000.0,1014000.0,780900.0,1376000.0,469600.0,444100.0,348300.0,389400.0,484200.0,2387000.0,2456000.0,
1295000.0,1014000.0,780900.0,1372000.0,453100.0,440200.0,347300.0,388200.0,482600.0,2387000.0,2487000.0,
1295000.0,1014000.0,780900.0,1367000.0,453100.0,440200.0,347300.0,388200.0,482600.0,2387000.0,2487000.0,
1311000.0,1014000.0,780800.0,1362000.0,453100.0,440100.0,347300.0,388100.0,482600.0,2399000.0,2471000.0,
1307000.0,1013000.0,780700.0,1357000.0,453100.0,440100.0,347200.0,388100.0,482500.0,2399000.0,2471000.0,
1307000.0,1013000.0,780700.0,1357000.0,453100.0,440100.0,347200.0,388100.0,482500.0,2399000.0,2471000.0,
1315000.0,1013000.0,780700.0,1357000.0,453100.0,440100.0,347200.0,388100.0,625400.0,2268000.0,2463000.0,
1312000.0,1012000.0,780500.0,1351000.0,453000.0,440000.0,347200.0,388000.0,625200.0,2268000.0,2463000.0,
1329000.0,1012000.0,780400.0,1347000.0,452900.0,440000.0,347100.0,388000.0,625200.0,2279000.0,2446000.0,
1329000.0,1012000.0,780400.0,1347000.0,452900.0,440000.0,347100.0,388000.0,625200.0,2279000.0,2446000.0,
1349000.0,1012000.0,780400.0,1337000.0,452900.0,440000.0,347100.0,388000.0,625200.0,2291000.0,2426000.0,
1349000.0,1012000.0,780400.0,1337000.0,445400.0,440000.0,347100.0,388000.0,625200.0,2291000.0,2434000.0,
1349000.0,1012000.0,780400.0,1337000.0,437800.0,440000.0,347100.0,388000.0,625200.0,2291000.0,2442000.0,
1312000.0,1012000.0,780400.0,1332000.0,437700.0,440000.0,347100.0,387900.0,625100.0,2291000.0,2479000.0,
1365000.0,1011000.0,781700.0,1332000.0,430200.0,440000.0,347100.0,444900.0,568100.0,2302000.0,2432000.0,
1380000.0,1008000.0,784100.0,1332000.0,422600.0,440000.0,347100.0,444900.0,568100.0,2314000.0,2420000.0,
1418000.0,1001000.0,784400.0,1323000.0,422600.0,440000.0,383800.0,473200.0,503100.0,2325000.0,2379000.0,
1397000.0,1003000.0,785700.0,1340000.0,415100.0,443900.0,386000.0,467200.0,503100.0,2325000.0,2387000.0,
1382000.0,1003000.0,766900.0,1354000.0,415100.0,447700.0,394100.0,461100.0,497000.0,2337000.0,2397000.0,
1381000.0,1001000.0,768800.0,1349000.0,421100.0,445500.0,457700.0,399700.0,490900.0,2337000.0,2397000.0,
1381000.0,1001000.0,770000.0,1349000.0,421100.0,445500.0,457700.0,399700.0,490900.0,2337000.0,2397000.0,
1374000.0,1003000.0,771100.0,1364000.0,413500.0,445500.0,457600.0,419700.0,470800.0,2349000.0,2388000.0,
1366000.0,1002000.0,775400.0,1350000.0,413400.0,445400.0,457600.0,426200.0,464100.0,2360000.0,2388000.0,
1365000.0,1001000.0,776400.0,1340000.0,413400.0,445400.0,457600.0,426200.0,464100.0,2372000.0,2388000.0,
1365000.0,999900.0,761700.0,1335000.0,413300.0,645100.0,427500.0,256600.0,464000.0,2372000.0,2404000.0,
1360000.0,997300.0,764300.0,1335000.0,413300.0,645100.0,427500.0,266700.0,454000.0,2372000.0,2404000.0,
1359000.0,997500.0,765300.0,1330000.0,413200.0,645100.0,427400.0,266700.0,453900.0,2372000.0,2404000.0,
1349000.0,999400.0,767500.0,1325000.0,397100.0,645100.0,427400.0,266700.0,453900.0,2372000.0,2420000.0,
1367000.0,998600.0,767900.0,1306000.0,401800.0,640200.0,427400.0,278600.0,464500.0,2385000.0,2392000.0,
1367000.0,997900.0,768400.0,1297000.0,401800.0,640100.0,427300.0,302500.0,440500.0,2385000.0,2392000.0,
1366000.0,996500.0,770000.0,1273000.0,401700.0,640000.0,427200.0,302400.0,440300.0,2397000.0,2392000.0,
1355000.0,998700.0,770000.0,1282000.0,401700.0,640000.0,427200.0,302400.0,440300.0,2397000.0,2392000.0,
1353000.0,987300.0,772600.0,1272000.0,401600.0,640000.0,427100.0,318400.0,500000.0,2333000.0,2392000.0,
1352000.0,984100.0,773200.0,1261000.0,401500.0,639900.0,427100.0,318400.0,499900.0,2345000.0,2392000.0,
1350000.0,984100.0,772700.0,1259000.0,401500.0,639900.0,427000.0,318300.0,499800.0,2345000.0,2392000.0,
1347000.0,985300.0,774100.0,1255000.0,406600.0,634700.0,427000.0,318200.0,499800.0,2345000.0,2392000.0,
1328000.0,983700.0,776700.0,1273000.0,406600.0,634700.0,427000.0,333300.0,484700.0,2345000.0,2392000.0,
1324000.0,979200.0,771800.0,1273000.0,406600.0,634700.0,427000.0,346400.0,471600.0,2357000.0,2400000.0,
1324000.0,978700.0,772500.0,1269000.0,406500.0,634700.0,426900.0,346400.0,471500.0,2357000.0,2400000.0,
1315000.0,971600.0,773600.0,1269000.0,388900.0,634700.0,426900.0,352400.0,465500.0,2357000.0,2417000.0,
1281000.0,971500.0,774800.0,1259000.0,388900.0,634700.0,426900.0,352400.0,465500.0,2357000.0,2440000.0,
1310000.0,962400.0,776300.0,1259000.0,388900.0,634700.0,426900.0,352400.0,465500.0,2368000.0,2409000.0,
1297000.0,961100.0,780900.0,1259000.0,341000.0,634600.0,426900.0,352100.0,465300.0,2368000.0,2457000.0,
1296000.0,959900.0,783500.0,1259000.0,341000.0,634600.0,431700.0,347200.0,465300.0,2368000.0,2457000.0,
1319000.0,963800.0,783500.0,1259000.0,341000.0,835700.0,230700.0,347200.0,465300.0,2380000.0,2429000.0,
1319000.0,961000.0,786900.0,1254000.0,341000.0,835600.0,230600.0,353200.0,459200.0,2380000.0,2429000.0,
1315000.0,963500.0,787400.0,1250000.0,340900.0,841600.0,224600.0,359100.0,453100.0,2380000.0,2429000.0,
1315000.0,961500.0,790000.0,1250000.0,340900.0,841600.0,232600.0,351000.0,453100.0,2380000.0,2429000.0,
1308000.0,960100.0,789100.0,1235000.0,346900.0,835500.0,243400.0,345700.0,446600.0,2380000.0,2429000.0,
1305000.0,960900.0,791200.0,1230000.0,346900.0,835500.0,243400.0,351700.0,440600.0,2380000.0,2429000.0,
1303000.0,960400.0,790200.0,1209000.0,346800.0,835500.0,243400.0,351500.0,440400.0,2380000.0,2429000.0,
1301000.0,960600.0,791900.0,1209000.0,346800.0,835500.0,243400.0,366500.0,425300.0,2380000.0,2429000.0,
1322000.0,957900.0,794500.0,1204000.0,346700.0,847500.0,239300.0,371500.0,412200.0,2392000.0,2409000.0,
1321000.0,957700.0,795600.0,1204000.0,346700.0,847500.0,239300.0,383600.0,400100.0,2392000.0,2409000.0,
1335000.0,959800.0,798000.0,1204000.0,346700.0,847500.0,247300.0,375500.0,433800.0,2370000.0,2389000.0,
1332000.0,962100.0,799100.0,1204000.0,339200.0,847500.0,247300.0,375500.0,433800.0,2382000.0,2397000.0,
1330000.0,952000.0,797500.0,1204000.0,675200.0,511400.0,247300.0,385100.0,423300.0,2382000.0,2397000.0,
1280000.0,946800.0,799700.0,1252000.0,667600.0,511400.0,247300.0,385100.0,423300.0,2394000.0,2404000.0,
1267000.0,944400.0,801500.0,1246000.0,667500.0,511400.0,247200.0,413700.0,394500.0,2394000.0,2404000.0,
1292000.0,942700.0,802100.0,1240000.0,667400.0,511400.0,247200.0,423600.0,424400.0,2366000.0,2377000.0,
1269000.0,942600.0,802900.0,1257000.0,667400.0,511400.0,247200.0,423600.0,424400.0,2378000.0,2377000.0,
1266000.0,944500.0,803900.0,1252000.0,646900.0,510200.0,245700.0,423600.0,424400.0,2390000.0,2400000.0,
1285000.0,947600.0,805700.0,1248000.0,646900.0,510100.0,245600.0,444200.0,456900.0,2348000.0,2376000.0,
1281000.0,947600.0,806800.0,1245000.0,646900.0,510100.0,245600.0,444200.0,456900.0,2348000.0,2376000.0,
1271000.0,942500.0,805800.0,1242000.0,646800.0,510000.0,253600.0,444700.0,447300.0,2360000.0,2376000.0,
1247000.0,948800.0,805700.0,1256000.0,646700.0,510000.0,258400.0,450700.0,436100.0,2372000.0,2376000.0,
1246000.0,947500.0,800200.0,1256000.0,646700.0,510000.0,258400.0,450700.0,436100.0,2372000.0,2384000.0,
1245000.0,945900.0,803100.0,1256000.0,646700.0,513900.0,254500.0,461300.0,425600.0,2384000.0,2384000.0,
1244000.0,944300.0,804600.0,1247000.0,646700.0,513800.0,254400.0,475600.0,411100.0,2384000.0,2384000.0,
1243000.0,944500.0,805700.0,1247000.0,646700.0,649200.0,119100.0,475600.0,411100.0,2396000.0,2384000.0,
1243000.0,942100.0,806200.0,1239000.0,634100.0,649200.0,163800.0,440800.0,546600.0,2262000.0,2397000.0,
1238000.0,941200.0,806500.0,1225000.0,633900.0,660000.0,158900.0,434500.0,546300.0,2262000.0,2397000.0,
1232000.0,940000.0,808400.0,1225000.0,633900.0,660000.0,163800.0,519400.0,456600.0,2285000.0,2397000.0,
1265000.0,940000.0,810100.0,1225000.0,626400.0,660000.0,163800.0,525400.0,450600.0,2296000.0,2369000.0,
1264000.0,939800.0,811100.0,1221000.0,626400.0,660000.0,174200.0,521000.0,444500.0,2308000.0,2369000.0,
1259000.0,937400.0,812600.0,1216000.0,603700.0,659900.0,174100.0,520900.0,444500.0,2308000.0,2392000.0,
1212000.0,937100.0,813900.0,1263000.0,608500.0,655100.0,174100.0,535000.0,430400.0,2308000.0,2392000.0,
1211000.0,937100.0,815200.0,1263000.0,613400.0,650300.0,174100.0,535000.0,430400.0,2331000.0,2392000.0,
1208000.0,938100.0,816900.0,1252000.0,605800.0,650300.0,174100.0,548100.0,417300.0,2343000.0,2400000.0,
1206000.0,938800.0,817200.0,1234000.0,605700.0,650200.0,182000.0,539800.0,417100.0,2343000.0,2400000.0,
1204000.0,939400.0,818400.0,1224000.0,605700.0,656600.0,190000.0,525200.0,417000.0,2343000.0,2400000.0,
1202000.0,941300.0,819000.0,1224000.0,605700.0,662600.0,184000.0,536300.0,405900.0,2354000.0,2400000.0,
1235000.0,945500.0,819400.0,1215000.0,593000.0,662600.0,184000.0,547200.0,394800.0,2378000.0,2374000.0,
1228000.0,945800.0,806900.0,1215000.0,593000.0,662600.0,184000.0,547200.0,490900.0,2306000.0,2388000.0,
1221000.0,944600.0,809600.0,1215000.0,593000.0,662600.0,197300.0,533900.0,490900.0,2306000.0,2388000.0,
1215000.0,950100.0,810100.0,1215000.0,599000.0,656500.0,197300.0,533900.0,490900.0,2306000.0,2388000.0,
1212000.0,952400.0,811300.0,1211000.0,598900.0,656500.0,197200.0,533800.0,490800.0,2306000.0,2388000.0,
1209000.0,954300.0,812200.0,1211000.0,576300.0,660400.0,202200.0,524900.0,490800.0,2306000.0,2411000.0,
1205000.0,951300.0,814100.0,1211000.0,576300.0,660400.0,202200.0,524900.0,490800.0,2306000.0,2411000.0,
1203000.0,950000.0,817400.0,1206000.0,576300.0,660300.0,207000.0,520100.0,490700.0,2306000.0,2411000.0,
1186000.0,947700.0,818900.0,1208000.0,582300.0,654300.0,207000.0,520100.0,490700.0,2306000.0,2411000.0,
1220000.0,947300.0,819900.0,1203000.0,582300.0,654300.0,207000.0,520100.0,490700.0,2317000.0,2377000.0,
1219000.0,946200.0,821300.0,1199000.0,582300.0,654300.0,207000.0,520100.0,490700.0,2317000.0,2377000.0,
1211000.0,953200.0,821600.0,1195000.0,582200.0,654300.0,207000.0,519900.0,490600.0,2317000.0,2377000.0,
1189000.0,954500.0,822800.0,1214000.0,580700.0,648200.0,211800.0,515100.0,490600.0,2317000.0,2384000.0,
1177000.0,955400.0,822400.0,1216000.0,580700.0,648200.0,211700.0,520500.0,485100.0,2329000.0,2384000.0,
1191000.0,954500.0,803600.0,1216000.0,580700.0,654600.0,221800.0,504100.0,485100.0,2340000.0,2390000.0,
1186000.0,958700.0,804500.0,1216000.0,580700.0,654600.0,235400.0,496400.0,479000.0,2376000.0,2390000.0,
1184000.0,955900.0,789400.0,1216000.0,563100.0,654600.0,235400.0,496400.0,479000.0,2376000.0,2423000.0,
1152000.0,960900.0,790200.0,1237000.0,563100.0,654600.0,244200.0,487500.0,479000.0,2376000.0,2423000.0,
1218000.0,962000.0,790200.0,1232000.0,567900.0,649800.0,252700.0,479100.0,541200.0,2349000.0,2356000.0,
1218000.0,961100.0,791100.0,1227000.0,566400.0,643700.0,252700.0,479100.0,541200.0,2349000.0,2363000.0,
1201000.0,959300.0,793200.0,1244000.0,566400.0,643700.0,257500.0,492300.0,523200.0,2349000.0,2363000.0,
1191000.0,962600.0,779500.0,1235000.0,566300.0,643700.0,257500.0,502500.0,512700.0,2361000.0,2377000.0,
1178000.0,963000.0,780800.0,1241000.0,572300.0,637700.0,257500.0,502500.0,512700.0,2373000.0,2377000.0,
1171000.0,963000.0,780700.0,1244000.0,1035000.0,174500.0,257400.0,512500.0,502600.0,2385000.0,2377000.0,
1170000.0,963300.0,781800.0,1244000.0,1028000.0,174500.0,257400.0,518600.0,496600.0,2385000.0,2385000.0,
1166000.0,960500.0,783900.0,1244000.0,1028000.0,174500.0,257400.0,518600.0,496600.0,2397000.0,2385000.0,
1155000.0,956600.0,783200.0,1244000.0,1033000.0,169300.0,257400.0,518600.0,496600.0,2397000.0,2385000.0,
1136000.0,960400.0,783700.0,1258000.0,1033000.0,173600.0,253200.0,518600.0,496600.0,2397000.0,2385000.0,
1135000.0,956500.0,783600.0,1254000.0,1033000.0,173500.0,253100.0,518500.0,496500.0,2397000.0,2385000.0,
1133000.0,954300.0,786800.0,1250000.0,1020000.0,179500.0,253100.0,512300.0,548000.0,2357000.0,2397000.0,
1133000.0,954400.0,787300.0,1245000.0,1013000.0,179500.0,267000.0,498400.0,548000.0,2369000.0,2405000.0,
1130000.0,951800.0,788000.0,1245000.0,1013000.0,179500.0,267000.0,498400.0,548000.0,2369000.0,2405000.0,
1164000.0,952100.0,788300.0,1240000.0,1013000.0,185900.0,265300.0,504100.0,629400.0,2324000.0,2369000.0,
1164000.0,951400.0,789400.0,1240000.0,995200.0,185900.0,276600.0,498900.0,623400.0,2324000.0,2387000.0,
1152000.0,952600.0,789700.0,1235000.0,995200.0,185900.0,276600.0,498900.0,623400.0,2324000.0,2387000.0,
1139000.0,955200.0,775200.0,1230000.0,957600.0,189800.0,272700.0,498900.0,623400.0,2324000.0,2440000.0,
1153000.0,955900.0,776700.0,1225000.0,957600.0,189800.0,272700.0,498900.0,623400.0,2335000.0,2423000.0,
1146000.0,957700.0,776600.0,1221000.0,957500.0,189700.0,272600.0,519400.0,602700.0,2335000.0,2423000.0,
1141000.0,955500.0,776500.0,1219000.0,950000.0,189700.0,281200.0,510800.0,602700.0,2335000.0,2431000.0,
1111000.0,952500.0,776800.0,1242000.0,941900.0,189700.0,281200.0,516600.0,596400.0,2335000.0,2438000.0,
1082000.0,956700.0,778200.0,1261000.0,941900.0,189700.0,281200.0,556500.0,556500.0,2335000.0,2438000.0,
1079000.0,957700.0,780000.0,1261000.0,919300.0,196100.0,274700.0,570500.0,542500.0,2335000.0,2461000.0,
1069000.0,955300.0,783000.0,1265000.0,911800.0,196100.0,274700.0,570500.0,542400.0,2335000.0,2468000.0,
1063000.0,953900.0,765300.0,1262000.0,904200.0,196000.0,284700.0,560400.0,542300.0,2335000.0,2494000.0,
1062000.0,953200.0,766600.0,1258000.0,904200.0,196000.0,284700.0,574400.0,528300.0,2335000.0,2494000.0,
1061000.0,954300.0,766500.0,1253000.0,904200.0,196000.0,566800.0,292200.0,528200.0,2335000.0,2494000.0,
1060000.0,952700.0,769000.0,1253000.0,916200.0,183900.0,566800.0,292200.0,528200.0,2335000.0,2494000.0,
1058000.0,954000.0,768900.0,1249000.0,921000.0,187100.0,558700.0,292200.0,528200.0,2335000.0,2494000.0,
1106000.0,950500.0,772900.0,1253000.0,913500.0,194200.0,560500.0,289400.0,522200.0,2347000.0,2439000.0,
1116000.0,952300.0,773900.0,1244000.0,900900.0,198100.0,556700.0,317600.0,494000.0,2359000.0,2438000.0,
1103000.0,952200.0,775300.0,1251000.0,900900.0,198100.0,556700.0,323300.0,488300.0,2359000.0,2438000.0,
1102000.0,951500.0,776600.0,1246000.0,900800.0,248700.0,506000.0,357300.0,454000.0,2359000.0,2438000.0,
1101000.0,950900.0,778500.0,1246000.0,900800.0,257700.0,497000.0,357300.0,454000.0,2359000.0,2438000.0,
1099000.0,952100.0,779400.0,1246000.0,900800.0,261600.0,506200.0,344200.0,454000.0,2359000.0,2438000.0,
1094000.0,955900.0,780300.0,1236000.0,893300.0,278300.0,489500.0,344200.0,454000.0,2359000.0,2445000.0,
1094000.0,955500.0,781400.0,1236000.0,885800.0,289200.0,478500.0,344200.0,454000.0,2359000.0,2453000.0,
1158000.0,955500.0,782500.0,1236000.0,885800.0,304500.0,463300.0,351200.0,447100.0,2371000.0,2388000.0,
1141000.0,957500.0,783300.0,1244000.0,865700.0,304500.0,463300.0,351200.0,447100.0,2371000.0,2408000.0,
1159000.0,958000.0,784000.0,1244000.0,845600.0,304500.0,463300.0,351200.0,447100.0,2383000.0,2409000.0,
1177000.0,959400.0,785600.0,1240000.0,839400.0,317000.0,449200.0,351100.0,446900.0,2394000.0,2395000.0,
1167000.0,959100.0,786800.0,1249000.0,816800.0,317000.0,449200.0,384300.0,413700.0,2394000.0,2418000.0,
1166000.0,958900.0,787200.0,1240000.0,823200.0,310500.0,449100.0,397800.0,400000.0,2394000.0,2418000.0,
1141000.0,958800.0,789200.0,1253000.0,823200.0,310500.0,453900.0,393000.0,400000.0,2394000.0,2418000.0,
1163000.0,959400.0,789900.0,1253000.0,823200.0,314400.0,450100.0,393000.0,457200.0,2349000.0,2395000.0,
1161000.0,960000.0,790700.0,1253000.0,815700.0,314400.0,454900.0,388200.0,457200.0,2349000.0,2403000.0,
1208000.0,956800.0,791600.0,1253000.0,815700.0,343200.0,426100.0,394200.0,451200.0,2361000.0,2348000.0,
1205000.0,953300.0,791900.0,1244000.0,815700.0,343200.0,426100.0,394200.0,451200.0,2373000.0,2348000.0,
1199000.0,951700.0,794200.0,1240000.0,801800.0,343200.0,430900.0,419400.0,421100.0,2385000.0,2362000.0,
1197000.0,952200.0,795200.0,1236000.0,794200.0,343200.0,440900.0,427400.0,402900.0,2397000.0,2369000.0,
1196000.0,952800.0,795200.0,1236000.0,799400.0,338100.0,440900.0,451500.0,378800.0,2397000.0,2369000.0,
1189000.0,954500.0,796600.0,1235000.0,799400.0,338100.0,440900.0,451500.0,378800.0,2397000.0,2369000.0,
1188000.0,955600.0,796600.0,1235000.0,799400.0,338100.0,440900.0,451500.0,378800.0,2397000.0,2369000.0,
1184000.0,956600.0,798700.0,1226000.0,799400.0,338100.0,440900.0,451500.0,378800.0,2397000.0,2369000.0,
1182000.0,956900.0,799800.0,1226000.0,799400.0,338100.0,440900.0,451500.0,378800.0,2397000.0,2369000.0,
1168000.0,958900.0,800200.0,1233000.0,799400.0,338100.0,446300.0,446100.0,378800.0,2397000.0,2369000.0,
1165000.0,960400.0,801800.0,1229000.0,953300.0,184000.0,446200.0,446100.0,465000.0,2322000.0,2369000.0,
1161000.0,963300.0,802300.0,1229000.0,945800.0,184000.0,454700.0,437600.0,465000.0,2322000.0,2377000.0,
1155000.0,968400.0,802800.0,1229000.0,912700.0,184000.0,454700.0,437600.0,465000.0,2322000.0,2410000.0,
1175000.0,965100.0,805900.0,1224000.0,918800.0,177800.0,460200.0,432000.0,465000.0,2334000.0,2390000.0,
1174000.0,962800.0,808300.0,1215000.0,918800.0,177800.0,460200.0,432000.0,465000.0,2346000.0,2390000.0,
1172000.0,961600.0,808700.0,1208000.0,921800.0,174700.0,460200.0,443700.0,453000.0,2369000.0,2390000.0,
1212000.0,961600.0,809600.0,1208000.0,964900.0,124100.0,460200.0,498900.0,397800.0,2393000.0,2357000.0,
1193000.0,948800.0,812000.0,1218000.0,968000.0,357600.0,223600.0,498900.0,397800.0,2393000.0,2357000.0,
1185000.0,945700.0,812600.0,1218000.0,947100.0,357600.0,418100.0,304400.0,397800.0,2393000.0,2378000.0,
1178000.0,945200.0,813500.0,1220000.0,950200.0,361500.0,411000.0,304300.0,491600.0,2311000.0,2378000.0,
1177000.0,945800.0,814200.0,1220000.0,950200.0,361500.0,411000.0,310400.0,485600.0,2311000.0,2378000.0,
1169000.0,947700.0,814400.0,1216000.0,950200.0,361500.0,411000.0,310400.0,485600.0,2322000.0,2378000.0,
1169000.0,947000.0,815100.0,1216000.0,910800.0,361500.0,411000.0,310400.0,485600.0,2322000.0,2417000.0,
1166000.0,947400.0,817200.0,1216000.0,889100.0,366300.0,406200.0,310400.0,485600.0,2322000.0,2439000.0,
1159000.0,945800.0,803000.0,1207000.0,861900.0,366300.0,406100.0,310300.0,485500.0,2322000.0,2488000.0,
1156000.0,947200.0,803800.0,1207000.0,848100.0,366300.0,406100.0,310300.0,485500.0,2322000.0,2502000.0,
1179000.0,946300.0,805100.0,1202000.0,825400.0,366300.0,406100.0,310200.0,485300.0,2334000.0,2501000.0,
1171000.0,947400.0,806900.0,1202000.0,825400.0,366300.0,406100.0,310200.0,485300.0,2334000.0,2501000.0,
1166000.0,945400.0,813800.0,1198000.0,825400.0,366300.0,406100.0,310200.0,485300.0,2334000.0,2501000.0,
1190000.0,949900.0,815000.0,1198000.0,812800.0,376700.0,401600.0,304200.0,485300.0,2346000.0,2484000.0,
1185000.0,953800.0,816000.0,1189000.0,792700.0,376700.0,401600.0,316200.0,473200.0,2346000.0,2504000.0,
1183000.0,954700.0,817000.0,1189000.0,785100.0,376700.0,401600.0,316200.0,473200.0,2346000.0,2512000.0,
1180000.0,954300.0,819700.0,1189000.0,785100.0,383500.0,394800.0,316200.0,473200.0,2346000.0,2512000.0,
1178000.0,955600.0,819900.0,1175000.0,785000.0,383400.0,394700.0,330100.0,458900.0,2346000.0,2512000.0,
1238000.0,953600.0,821300.0,1171000.0,772500.0,383400.0,399500.0,325300.0,458900.0,2369000.0,2464000.0,
1250000.0,955600.0,820800.0,1183000.0,772500.0,383400.0,399500.0,325300.0,458900.0,2381000.0,2428000.0,
1204000.0,953700.0,824000.0,1237000.0,772500.0,387800.0,395100.0,390500.0,393700.0,2393000.0,2413000.0,
1188000.0,954600.0,824300.0,1242000.0,764900.0,387800.0,395100.0,390500.0,393700.0,2393000.0,2421000.0,
1185000.0,956400.0,825600.0,1242000.0,764900.0,387800.0,395100.0,390500.0,393700.0,2393000.0,2421000.0,
1207000.0,957500.0,826000.0,1238000.0,764900.0,387800.0,395000.0,390500.0,575800.0,2223000.0,2397000.0,
1198000.0,959700.0,827100.0,1233000.0,773100.0,379600.0,395000.0,390500.0,575800.0,2223000.0,2397000.0,
1178000.0,958400.0,829100.0,1248000.0,773100.0,379600.0,395000.0,390500.0,575800.0,2223000.0,2397000.0,
1176000.0,959500.0,829300.0,1248000.0,770000.0,378800.0,394000.0,421500.0,542000.0,2234000.0,2405000.0,
1173000.0,963100.0,829300.0,1248000.0,721200.0,576800.0,194300.0,432400.0,528400.0,2234000.0,2458000.0,
1166000.0,962500.0,830500.0,1240000.0,713600.0,576800.0,194300.0,432300.0,528200.0,2234000.0,2465000.0,
1213000.0,964000.0,831600.0,1235000.0,713600.0,576800.0,194300.0,432300.0,528200.0,2256000.0,2416000.0,
1223000.0,960800.0,820300.0,1235000.0,713600.0,576800.0,194300.0,432300.0,528200.0,2268000.0,2415000.0,
1237000.0,959600.0,808000.0,1230000.0,693600.0,576700.0,194200.0,442700.0,517800.0,2279000.0,2429000.0,
1225000.0,960100.0,808400.0,1242000.0,693600.0,576700.0,194200.0,442700.0,517800.0,2279000.0,2429000.0,
1219000.0,961100.0,808600.0,1242000.0,693600.0,576700.0,205500.0,431400.0,517800.0,2279000.0,2429000.0,
1276000.0,963600.0,808600.0,1242000.0,689200.0,573600.0,250400.0,396800.0,507400.0,2290000.0,2366000.0,
1274000.0,963100.0,810800.0,1238000.0,695200.0,567600.0,250400.0,396800.0,507400.0,2290000.0,2366000.0,
1274000.0,961500.0,812100.0,1234000.0,695100.0,567600.0,250400.0,396700.0,507200.0,2290000.0,2366000.0,
1269000.0,964700.0,813800.0,1234000.0,677500.0,567600.0,256400.0,432800.0,465100.0,2290000.0,2383000.0,
1264000.0,964200.0,814700.0,1234000.0,675700.0,561900.0,256400.0,432800.0,465100.0,2302000.0,2391000.0,
1262000.0,963600.0,816300.0,1224000.0,675700.0,561900.0,256400.0,432800.0,465100.0,2302000.0,2391000.0,
1261000.0,962700.0,817800.0,1224000.0,668100.0,561900.0,256400.0,432800.0,465100.0,2302000.0,2398000.0,
1259000.0,962900.0,804100.0,1215000.0,668100.0,561900.0,266500.0,422800.0,465100.0,2313000.0,2413000.0,
1250000.0,958100.0,807400.0,1210000.0,668100.0,561900.0,266500.0,465800.0,422100.0,2313000.0,2413000.0,
1250000.0,952000.0,790000.0,1210000.0,668100.0,569700.0,258800.0,465800.0,422100.0,2313000.0,2432000.0,
1278000.0,951000.0,791400.0,1210000.0,643000.0,569700.0,258800.0,465800.0,422100.0,2325000.0,2429000.0,
1278000.0,951200.0,791800.0,1210000.0,643000.0,569700.0,258800.0,465800.0,422100.0,2325000.0,2429000.0,
1238000.0,951500.0,791800.0,1250000.0,648400.0,564200.0,258800.0,465800.0,422100.0,2325000.0,2429000.0,
1272000.0,950800.0,792100.0,1245000.0,640800.0,564200.0,258700.0,465700.0,421900.0,2336000.0,2402000.0,
1293000.0,948500.0,794900.0,1266000.0,640700.0,564200.0,258700.0,465600.0,421800.0,2372000.0,2350000.0,
1291000.0,947000.0,798400.0,1266000.0,618100.0,564200.0,264700.0,459500.0,421800.0,2372000.0,2373000.0,
1290000.0,946200.0,799700.0,1266000.0,610600.0,564200.0,264700.0,459500.0,421800.0,2372000.0,2380000.0,
1288000.0,945400.0,801700.0,1257000.0,610600.0,564200.0,264700.0,459500.0,421800.0,2372000.0,2380000.0,
1288000.0,943300.0,796300.0,1257000.0,616600.0,558100.0,280400.0,443800.0,421800.0,2384000.0,2388000.0,
1287000.0,941100.0,799400.0,1257000.0,616600.0,558100.0,286400.0,437800.0,421800.0,2384000.0,2388000.0,
1287000.0,940000.0,801500.0,1257000.0,616600.0,558100.0,286400.0,437800.0,421800.0,2384000.0,2388000.0,
1283000.0,941200.0,803700.0,1257000.0,616600.0,558100.0,302700.0,427500.0,415700.0,2395000.0,2388000.0,
1280000.0,943000.0,804600.0,1253000.0,612600.0,554500.0,308700.0,421300.0,471300.0,2352000.0,2395000.0,
1269000.0,943700.0,806200.0,1244000.0,612500.0,554500.0,308700.0,421200.0,471200.0,2375000.0,2403000.0,
1269000.0,940900.0,801500.0,1244000.0,612500.0,554500.0,308700.0,421200.0,471200.0,2375000.0,2411000.0,
1268000.0,941600.0,802200.0,1244000.0,612500.0,560600.0,308700.0,432100.0,454300.0,2375000.0,2411000.0,
1263000.0,946300.0,802800.0,1244000.0,597400.0,560600.0,313500.0,427300.0,454300.0,2375000.0,2426000.0,
1324000.0,947400.0,804000.0,1244000.0,597400.0,560600.0,323100.0,417700.0,454300.0,2387000.0,2362000.0,
1309000.0,948600.0,806900.0,1255000.0,597400.0,560600.0,323100.0,417700.0,454300.0,2399000.0,2362000.0,
1305000.0,949500.0,809900.0,1255000.0,597400.0,560600.0,323100.0,437900.0,434100.0,2399000.0,2362000.0,
1302000.0,946000.0,812000.0,1249000.0,589800.0,560600.0,328000.0,433000.0,434100.0,2399000.0,2369000.0,
1297000.0,946600.0,812300.0,1249000.0,589700.0,560600.0,346100.0,414900.0,434100.0,2399000.0,2369000.0,
1296000.0,945100.0,814400.0,1240000.0,589600.0,560500.0,346000.0,414700.0,433500.0,2399000.0,2369000.0,
1291000.0,946900.0,816800.0,1240000.0,589600.0,566500.0,339900.0,414700.0,622300.0,2222000.0,2369000.0,
1289000.0,947400.0,818300.0,1240000.0,589600.0,566500.0,351300.0,403400.0,622300.0,2222000.0,2369000.0,
1286000.0,948900.0,819000.0,1231000.0,575700.0,566500.0,351300.0,416400.0,609100.0,2222000.0,2383000.0,
1284000.0,950100.0,807700.0,1231000.0,575700.0,566500.0,351300.0,416400.0,609100.0,2222000.0,2396000.0,
1278000.0,949400.0,809700.0,1231000.0,575700.0,566500.0,351300.0,445500.0,580000.0,2222000.0,2396000.0,
1263000.0,946900.0,809400.0,1239000.0,575700.0,566500.0,351300.0,445500.0,580000.0,2222000.0,2396000.0,
1258000.0,945500.0,815300.0,1239000.0,575700.0,667000.0,250800.0,445500.0,580000.0,2244000.0,2396000.0,
1256000.0,946200.0,816400.0,1235000.0,580500.0,662100.0,250700.0,445400.0,579800.0,2244000.0,2396000.0,
1238000.0,944300.0,819600.0,1242000.0,557900.0,676200.0,236700.0,445400.0,579800.0,2244000.0,2418000.0,
1183000.0,944400.0,820500.0,1296000.0,557900.0,676200.0,236700.0,445400.0,579800.0,2244000.0,2418000.0,
1171000.0,947800.0,821500.0,1303000.0,557900.0,744100.0,168700.0,445400.0,579800.0,2244000.0,2418000.0,
1167000.0,947200.0,821800.0,1303000.0,557900.0,744100.0,168700.0,445400.0,579800.0,2244000.0,2418000.0,
1209000.0,945500.0,824000.0,1303000.0,532700.0,756700.0,197100.0,432600.0,551700.0,2256000.0,2400000.0,
1207000.0,948100.0,824000.0,1303000.0,532700.0,756700.0,318300.0,390800.0,472300.0,2256000.0,2400000.0,
1207000.0,946900.0,825100.0,1303000.0,532700.0,756700.0,318300.0,390800.0,472300.0,2256000.0,2400000.0,
1218000.0,950200.0,825000.0,1299000.0,538000.0,751300.0,318200.0,404100.0,458600.0,2267000.0,2386000.0,
1205000.0,952200.0,810200.0,1308000.0,538000.0,756200.0,318200.0,399300.0,458600.0,2267000.0,2402000.0,
1198000.0,957200.0,811100.0,1305000.0,544000.0,750100.0,318200.0,399300.0,458600.0,2267000.0,2402000.0,
1252000.0,956200.0,812200.0,1300000.0,544000.0,750100.0,318200.0,399300.0,458600.0,2290000.0,2342000.0,
1250000.0,957300.0,812600.0,1300000.0,544000.0,750100.0,318200.0,399300.0,458600.0,2290000.0,2342000.0,
1248000.0,957800.0,814000.0,1300000.0,536500.0,750100.0,318200.0,399300.0,458600.0,2290000.0,2350000.0,
1229000.0,957100.0,816200.0,1313000.0,513900.0,750100.0,318200.0,399300.0,458600.0,2290000.0,2372000.0,
1226000.0,956800.0,819400.0,1308000.0,513900.0,762200.0,306100.0,399300.0,458600.0,2301000.0,2372000.0,
1225000.0,956500.0,821100.0,1308000.0,513900.0,762200.0,306100.0,399300.0,458600.0,2301000.0,2372000.0,
1189000.0,960500.0,821700.0,1329000.0,519900.0,756200.0,306100.0,410400.0,447500.0,2313000.0,2372000.0,
1173000.0,964100.0,823600.0,1339000.0,519900.0,756200.0,306100.0,410400.0,447500.0,2313000.0,2372000.0,
1173000.0,963900.0,824300.0,1339000.0,519900.0,756200.0,306100.0,420400.0,437500.0,2324000.0,2372000.0,
1172000.0,961700.0,808500.0,1335000.0,519900.0,756200.0,306100.0,420400.0,437500.0,2324000.0,2390000.0,
1143000.0,957700.0,808700.0,1353000.0,519800.0,756200.0,418700.0,307800.0,437500.0,2324000.0,2390000.0,
1141000.0,957900.0,809900.0,1353000.0,664000.0,612000.0,418700.0,317900.0,427400.0,2336000.0,2390000.0,
1141000.0,957100.0,810600.0,1349000.0,664000.0,616200.0,424400.0,307900.0,427300.0,2359000.0,2390000.0,
1140000.0,956200.0,813000.0,1349000.0,664000.0,620100.0,420600.0,322600.0,412600.0,2359000.0,2390000.0,
1143000.0,956400.0,814200.0,1363000.0,640300.0,614000.0,420600.0,322600.0,412600.0,2371000.0,2400000.0,
1135000.0,958900.0,814800.0,1363000.0,640300.0,614000.0,426600.0,328100.0,401000.0,2371000.0,2400000.0,
1132000.0,957200.0,817500.0,1361000.0,656700.0,597600.0,431400.0,323300.0,401000.0,2371000.0,2400000.0,
1129000.0,956300.0,816800.0,1360000.0,644100.0,738100.0,290800.0,345300.0,379000.0,2371000.0,2413000.0,
1122000.0,957000.0,818100.0,1356000.0,636600.0,738100.0,301600.0,344800.0,368700.0,2371000.0,2420000.0,
1119000.0,956600.0,820700.0,1356000.0,636600.0,738100.0,301600.0,356400.0,357100.0,2371000.0,2420000.0,
1118000.0,955700.0,822700.0,1356000.0,636600.0,738100.0,301600.0,356400.0,357100.0,2371000.0,2420000.0,
1071000.0,956400.0,822700.0,1392000.0,636600.0,738100.0,311100.0,346900.0,357100.0,2371000.0,2420000.0,
1081000.0,958600.0,823700.0,1392000.0,636600.0,738100.0,311100.0,346900.0,357100.0,2383000.0,2407000.0,
1111000.0,958100.0,824200.0,1387000.0,642600.0,738500.0,304600.0,346900.0,357100.0,2395000.0,2377000.0,
1109000.0,959300.0,824200.0,1383000.0,642500.0,744600.0,304600.0,370400.0,327500.0,2395000.0,2377000.0,
1107000.0,960500.0,825300.0,1378000.0,1030000.0,356900.0,311700.0,355600.0,327500.0,2395000.0,2385000.0,
1103000.0,958000.0,827200.0,1377000.0,1023000.0,356900.0,319800.0,362200.0,312800.0,2395000.0,2392000.0,
1101000.0,956300.0,828700.0,1370000.0,1023000.0,356900.0,319700.0,362100.0,359400.0,2360000.0,2392000.0,
1042000.0,955600.0,829400.0,1409000.0,1027000.0,353000.0,319700.0,368200.0,353400.0,2360000.0,2392000.0,
1038000.0,956300.0,832300.0,1409000.0,1020000.0,347000.0,325800.0,368200.0,347400.0,2372000.0,2405000.0,
1071000.0,955700.0,833500.0,1406000.0,1007000.0,350900.0,330200.0,367100.0,340100.0,2384000.0,2376000.0,
1068000.0,956800.0,834600.0,1402000.0,1007000.0,350900.0,330200.0,367000.0,367100.0,2381000.0,2376000.0,
1067000.0,953400.0,834500.0,1402000.0,977000.0,346000.0,330200.0,367000.0,367100.0,2381000.0,2412000.0,
1064000.0,954100.0,818000.0,1397000.0,981800.0,341200.0,330200.0,441700.0,292500.0,2381000.0,2430000.0,
1063000.0,953100.0,820500.0,1392000.0,981800.0,341200.0,330200.0,441700.0,292500.0,2381000.0,2430000.0,
1061000.0,952500.0,822500.0,1382000.0,984900.0,338100.0,340600.0,431100.0,292400.0,2381000.0,2430000.0,
1001000.0,953600.0,822700.0,1436000.0,984900.0,338100.0,340600.0,444100.0,279300.0,2381000.0,2430000.0,
1013000.0,953500.0,826200.0,1431000.0,984900.0,338100.0,340600.0,444100.0,279300.0,2392000.0,2415000.0,
1007000.0,951500.0,828800.0,1431000.0,984900.0,357100.0,334700.0,431100.0,279300.0,2392000.0,2415000.0,
1053000.0,949400.0,831200.0,1431000.0,972300.0,357100.0,334700.0,431100.0,381800.0,2325000.0,2376000.0,
1046000.0,954900.0,832200.0,1427000.0,964700.0,361900.0,339100.0,421800.0,381700.0,2325000.0,2384000.0,
1044000.0,954900.0,833500.0,1422000.0,964700.0,361800.0,339000.0,421600.0,381600.0,2337000.0,2384000.0,
1043000.0,952000.0,836700.0,1413000.0,964700.0,361800.0,339000.0,421600.0,381600.0,2337000.0,2384000.0,
1041000.0,950200.0,838400.0,1410000.0,949500.0,361800.0,339000.0,421600.0,381600.0,2337000.0,2399000.0,
1112000.0,948800.0,818900.0,1410000.0,942000.0,361800.0,339000.0,421600.0,381600.0,2360000.0,2352000.0,
1104000.0,949700.0,819900.0,1401000.0,1129000.0,173600.0,332600.0,439200.0,364100.0,2360000.0,2359000.0,
1077000.0,948800.0,820200.0,1414000.0,1135000.0,167600.0,332600.0,439200.0,364100.0,2360000.0,2359000.0,
1076000.0,948600.0,821200.0,1409000.0,1112000.0,171400.0,333500.0,434300.0,364000.0,2360000.0,2382000.0,
1075000.0,945300.0,824800.0,1395000.0,1077000.0,171400.0,333500.0,434200.0,364000.0,2360000.0,2417000.0,
1068000.0,949900.0,826800.0,1386000.0,1077000.0,171400.0,333400.0,434000.0,363900.0,2360000.0,2417000.0,
1100000.0,949400.0,827900.0,1381000.0,1077000.0,171400.0,333400.0,434000.0,363800.0,2372000.0,2384000.0,
1092000.0,950000.0,829100.0,1377000.0,1055000.0,171300.0,333300.0,439900.0,357800.0,2372000.0,2407000.0,
1088000.0,947100.0,830800.0,1377000.0,1047000.0,171300.0,333300.0,439900.0,357800.0,2372000.0,2414000.0,
1079000.0,944800.0,832200.0,1378000.0,1032000.0,171300.0,333300.0,439900.0,357800.0,2372000.0,2429000.0,
1077000.0,944600.0,834200.0,1373000.0,1038000.0,288300.0,210400.0,439900.0,357800.0,2372000.0,2429000.0,
1074000.0,946200.0,835200.0,1373000.0,1020000.0,288300.0,210400.0,439900.0,357800.0,2372000.0,2447000.0,
1074000.0,946100.0,835600.0,1368000.0,1023000.0,285200.0,210300.0,439900.0,357700.0,2372000.0,2447000.0,
1134000.0,947000.0,836400.0,1368000.0,1023000.0,296500.0,199100.0,449900.0,347600.0,2396000.0,2385000.0,
1133000.0,948200.0,823600.0,1364000.0,1023000.0,296400.0,199000.0,485800.0,345500.0,2374000.0,2398000.0,
1131000.0,947800.0,825400.0,1359000.0,1023000.0,296400.0,203800.0,481000.0,345500.0,2386000.0,2398000.0,
1068000.0,948100.0,825400.0,1417000.0,1011000.0,296400.0,203800.0,489700.0,336800.0,2386000.0,2411000.0,
1140000.0,947300.0,827000.0,1417000.0,1011000.0,296400.0,203800.0,489700.0,336800.0,2397000.0,2338000.0,
1133000.0,948700.0,832100.0,1412000.0,1011000.0,300300.0,200000.0,489700.0,336800.0,2397000.0,2338000.0,
1120000.0,949200.0,833700.0,1413000.0,1011000.0,300300.0,199900.0,495600.0,330700.0,2397000.0,2338000.0,
1119000.0,950000.0,833700.0,1409000.0,1003000.0,300300.0,220600.0,474900.0,330700.0,2397000.0,2345000.0,
1117000.0,950900.0,834300.0,1409000.0,1006000.0,296900.0,426200.0,269300.0,330700.0,2397000.0,2345000.0,
1107000.0,950600.0,836600.0,1404000.0,1006000.0,296900.0,426200.0,269300.0,330700.0,2397000.0,2353000.0,
1105000.0,950900.0,838600.0,1404000.0,999000.0,296900.0,426200.0,269300.0,371100.0,2381000.0,2360000.0,
1103000.0,950600.0,838500.0,1402000.0,991300.0,296900.0,426200.0,288200.0,352200.0,2381000.0,2368000.0,
1102000.0,950400.0,839300.0,1397000.0,991200.0,296900.0,426200.0,288200.0,352100.0,2381000.0,2368000.0,
1101000.0,950000.0,840400.0,1397000.0,991200.0,296900.0,426200.0,298100.0,342200.0,2381000.0,2368000.0,
1099000.0,951200.0,840900.0,1393000.0,991200.0,296900.0,426200.0,314300.0,326000.0,2393000.0,2368000.0,
1098000.0,951100.0,841400.0,1388000.0,991200.0,302900.0,420200.0,314300.0,326000.0,2393000.0,2368000.0,
1094000.0,953600.0,842100.0,1384000.0,991200.0,302900.0,420200.0,326400.0,313900.0,2393000.0,2368000.0,
1080000.0,956800.0,842700.0,1394000.0,987800.0,302000.0,427200.0,335100.0,347400.0,2352000.0,2376000.0,
1070000.0,954300.0,845700.0,1398000.0,990300.0,292000.0,427200.0,341100.0,341300.0,2352000.0,2384000.0,
1070000.0,954200.0,845700.0,1389000.0,996400.0,291900.0,421100.0,341000.0,341300.0,2352000.0,2384000.0,
1068000.0,955900.0,845900.0,1384000.0,988800.0,291900.0,421100.0,341000.0,341300.0,2363000.0,2391000.0,
1064000.0,953400.0,848100.0,1384000.0,988800.0,291900.0,421100.0,341000.0,341300.0,2363000.0,2391000.0,
1062000.0,954700.0,833300.0,1384000.0,988800.0,291900.0,421100.0,341000.0,341300.0,2363000.0,2406000.0,
1086000.0,954600.0,835600.0,1379000.0,988800.0,298000.0,415100.0,341000.0,341300.0,2375000.0,2380000.0,
1082000.0,956300.0,837900.0,1379000.0,1104000.0,182300.0,415100.0,341000.0,341300.0,2375000.0,2380000.0,
1081000.0,955100.0,839700.0,1379000.0,1115000.0,164200.0,423000.0,339100.0,335200.0,2375000.0,2388000.0,
1077000.0,956100.0,840600.0,1372000.0,1107000.0,164200.0,423000.0,339000.0,335100.0,2375000.0,2395000.0,
1075000.0,957200.0,841000.0,1362000.0,1107000.0,174100.0,413000.0,338900.0,335100.0,2387000.0,2395000.0,
1053000.0,960000.0,841900.0,1380000.0,1107000.0,174100.0,421100.0,330900.0,335100.0,2399000.0,2395000.0,
1035000.0,960800.0,843400.0,1375000.0,1107000.0,174100.0,421100.0,330900.0,335100.0,2399000.0,2411000.0,
1027000.0,963700.0,844100.0,1394000.0,1107000.0,174100.0,421100.0,330900.0,432500.0,2314000.0,2396000.0,
1022000.0,962300.0,845200.0,1394000.0,1105000.0,164100.0,429200.0,355900.0,399300.0,2325000.0,2409000.0,
1069000.0,962000.0,846000.0,1394000.0,1105000.0,164100.0,429200.0,355900.0,399300.0,2384000.0,2362000.0,
1068000.0,962200.0,846500.0,1394000.0,1090000.0,158100.0,427700.0,403800.0,351400.0,2384000.0,2385000.0,
1064000.0,961000.0,846300.0,1390000.0,1067000.0,158100.0,427700.0,403800.0,351400.0,2396000.0,2407000.0,
1062000.0,962600.0,847000.0,1380000.0,1067000.0,158100.0,427700.0,403800.0,351400.0,2396000.0,2407000.0,
1059000.0,963400.0,848500.0,1380000.0,1067000.0,165500.0,420300.0,403800.0,351400.0,2396000.0,2407000.0,
1056000.0,961400.0,850400.0,1373000.0,1067000.0,169300.0,416500.0,403800.0,351400.0,2396000.0,2407000.0,
1055000.0,961500.0,851700.0,1368000.0,1059000.0,169300.0,416400.0,403700.0,351300.0,2396000.0,2415000.0,
1052000.0,963800.0,852300.0,1364000.0,1059000.0,169300.0,416400.0,403700.0,351300.0,2396000.0,2415000.0,
1050000.0,963400.0,854100.0,1359000.0,1059000.0,169300.0,416400.0,436000.0,319000.0,2396000.0,2415000.0,
1045000.0,962800.0,854400.0,1355000.0,1058000.0,163000.0,416400.0,436000.0,319000.0,2396000.0,2422000.0,
1017000.0,959400.0,854300.0,1361000.0,1045000.0,171400.0,407900.0,435900.0,318900.0,2396000.0,2435000.0,
1059000.0,955800.0,854100.0,1338000.0,1033000.0,171400.0,418700.0,425000.0,446600.0,2291000.0,2403000.0,
1075000.0,945400.0,856000.0,1320000.0,1033000.0,177900.0,412300.0,459700.0,411900.0,2303000.0,2378000.0,
1071000.0,943800.0,855800.0,1310000.0,1033000.0,177900.0,412300.0,459700.0,411900.0,2314000.0,2378000.0,
1050000.0,950100.0,856300.0,1324000.0,1033000.0,177900.0,412300.0,459700.0,411900.0,2314000.0,2378000.0,
1047000.0,945400.0,858800.0,1315000.0,1025000.0,177900.0,412300.0,465800.0,405800.0,2326000.0,2386000.0,
1047000.0,943900.0,860300.0,1315000.0,1025000.0,177900.0,412300.0,465800.0,405800.0,2338000.0,2386000.0,
1046000.0,942600.0,862000.0,1300000.0,1025000.0,177900.0,412300.0,465800.0,405800.0,2338000.0,2386000.0,
1046000.0,940300.0,864100.0,1280000.0,1017000.0,402600.0,192300.0,456100.0,405800.0,2338000.0,2398000.0,
1045000.0,938900.0,867400.0,1270000.0,1005000.0,401400.0,190800.0,479800.0,382100.0,2338000.0,2413000.0,
1137000.0,939300.0,854100.0,1270000.0,1019000.0,379300.0,190800.0,479800.0,382100.0,2361000.0,2342000.0,
1126000.0,943900.0,854200.0,1261000.0,1027000.0,377600.0,184300.0,479700.0,382000.0,2373000.0,2342000.0,
1124000.0,944500.0,855600.0,1261000.0,1019000.0,377600.0,184300.0,501800.0,359900.0,2373000.0,2349000.0,
1109000.0,943800.0,856700.0,1267000.0,1019000.0,377300.0,184300.0,501700.0,359800.0,2373000.0,2349000.0,
1107000.0,944500.0,858700.0,1267000.0,1019000.0,377300.0,184300.0,501700.0,359800.0,2373000.0,2349000.0,
1104000.0,944800.0,861000.0,1257000.0,1019000.0,377300.0,184300.0,501700.0,359800.0,2385000.0,2349000.0,
1098000.0,947100.0,863500.0,1244000.0,1018000.0,377000.0,184300.0,515400.0,345500.0,2397000.0,2349000.0,
1078000.0,946500.0,866200.0,1257000.0,995400.0,377000.0,184300.0,515400.0,345500.0,2397000.0,2372000.0,
1073000.0,950000.0,867000.0,1244000.0,995300.0,376700.0,184200.0,515100.0,345300.0,2397000.0,2372000.0,
1063000.0,950800.0,867900.0,1233000.0,972500.0,376700.0,184200.0,515000.0,345300.0,2397000.0,2395000.0,
1062000.0,949700.0,869700.0,1217000.0,977400.0,371800.0,184200.0,515000.0,345300.0,2397000.0,2395000.0,
1055000.0,951100.0,870600.0,1202000.0,977400.0,371800.0,193000.0,506100.0,376900.0,2377000.0,2395000.0,
1081000.0,953900.0,870600.0,1197000.0,952200.0,371800.0,193000.0,545000.0,477900.0,2261000.0,2391000.0,
1109000.0,953900.0,870600.0,1197000.0,924000.0,364700.0,191500.0,545000.0,477900.0,2272000.0,2400000.0,
1132000.0,953400.0,847200.0,1209000.0,902300.0,364700.0,191500.0,545000.0,477900.0,2284000.0,2407000.0,
1193000.0,952900.0,848900.0,1209000.0,902300.0,364700.0,191500.0,545000.0,477900.0,2306000.0,2344000.0,
1188000.0,950600.0,850600.0,1200000.0,889700.0,364700.0,191500.0,545000.0,477900.0,2306000.0,2356000.0,
1187000.0,950300.0,851400.0,1200000.0,889700.0,364700.0,191500.0,545000.0,477900.0,2306000.0,2356000.0,
1185000.0,951000.0,852900.0,1194000.0,862300.0,364700.0,191500.0,545000.0,477900.0,2318000.0,2384000.0,
1169000.0,950200.0,854800.0,1186000.0,847300.0,370800.0,185200.0,550700.0,471700.0,2318000.0,2399000.0,
1164000.0,953700.0,855800.0,1181000.0,847300.0,376800.0,179200.0,550700.0,471700.0,2318000.0,2399000.0,
1151000.0,954300.0,857700.0,1167000.0,847200.0,376800.0,179200.0,550600.0,471700.0,2318000.0,2399000.0,
1139000.0,953700.0,858300.0,1163000.0,839700.0,376800.0,179200.0,550600.0,471700.0,2330000.0,2406000.0,
1138000.0,952400.0,860700.0,1158000.0,832200.0,376800.0,184000.0,545800.0,471700.0,2330000.0,2414000.0,
1139000.0,951800.0,861100.0,1157000.0,824500.0,376800.0,183900.0,551800.0,465600.0,2341000.0,2406000.0,
1133000.0,952800.0,861600.0,1137000.0,824500.0,376800.0,183800.0,551800.0,465600.0,2341000.0,2406000.0,
1118000.0,952300.0,862100.0,1132000.0,824500.0,380700.0,179900.0,562800.0,454600.0,2341000.0,2406000.0,
1151000.0,954200.0,865000.0,1137000.0,817000.0,380700.0,179900.0,630000.0,387300.0,2353000.0,2365000.0,
1151000.0,953000.0,866200.0,1122000.0,817000.0,380700.0,179900.0,657700.0,359700.0,2353000.0,2365000.0,
1144000.0,953700.0,866500.0,1119000.0,816900.0,380600.0,179800.0,657600.0,359600.0,2365000.0,2365000.0,
1143000.0,954800.0,859000.0,1119000.0,816900.0,380600.0,179800.0,657600.0,359600.0,2365000.0,2373000.0,
1142000.0,953200.0,860300.0,1110000.0,816900.0,380600.0,179800.0,657600.0,359600.0,2377000.0,2373000.0,
1140000.0,953000.0,861400.0,1101000.0,816900.0,380600.0,184700.0,658800.0,353600.0,2388000.0,2373000.0,
1136000.0,953200.0,863600.0,1077000.0,816800.0,388300.0,176800.0,658800.0,552000.0,2202000.0,2373000.0,
1124000.0,957000.0,864400.0,1066000.0,801800.0,395200.0,169600.0,658400.0,551800.0,2213000.0,2388000.0,
1121000.0,959000.0,865400.0,1066000.0,801800.0,395200.0,169600.0,658400.0,551800.0,2213000.0,2388000.0,
1115000.0,964000.0,866500.0,1066000.0,801800.0,395200.0,175700.0,652400.0,551800.0,2224000.0,2388000.0,
1104000.0,966900.0,868000.0,1072000.0,801800.0,395200.0,175700.0,658400.0,545800.0,2235000.0,2388000.0,
1102000.0,966500.0,870700.0,1072000.0,801800.0,404900.0,179600.0,644700.0,545800.0,2246000.0,2388000.0,
1101000.0,965300.0,872300.0,1063000.0,794200.0,404900.0,179500.0,644700.0,545700.0,2246000.0,2395000.0,
1099000.0,966500.0,872800.0,1063000.0,794200.0,404900.0,179500.0,644700.0,545700.0,2246000.0,2395000.0,
1099000.0,965400.0,873900.0,1063000.0,794200.0,404900.0,179500.0,644700.0,545700.0,2246000.0,2395000.0,
1082000.0,961100.0,860600.0,1080000.0,794200.0,404900.0,179500.0,644700.0,545700.0,2246000.0,2413000.0,
1081000.0,961500.0,861600.0,1080000.0,794200.0,404900.0,185600.0,659800.0,524600.0,2246000.0,2413000.0,
1078000.0,964300.0,861900.0,1075000.0,791700.0,399800.0,185400.0,659700.0,524600.0,2246000.0,2420000.0,
1075000.0,956400.0,847600.0,1070000.0,778200.0,399500.0,185000.0,670700.0,513300.0,2246000.0,2455000.0,
1069000.0,956100.0,848800.0,1070000.0,778200.0,399500.0,185000.0,670700.0,513300.0,2246000.0,2455000.0,
1042000.0,954300.0,851800.0,1091000.0,778200.0,399500.0,185000.0,670700.0,513300.0,2246000.0,2455000.0,
1040000.0,952400.0,855800.0,1086000.0,770600.0,399500.0,189800.0,671900.0,507300.0,2246000.0,2462000.0,
1030000.0,954700.0,855800.0,1103000.0,775800.0,394300.0,326800.0,556400.0,485800.0,2258000.0,2449000.0,
1087000.0,953200.0,857600.0,1103000.0,775800.0,398200.0,323000.0,556400.0,485800.0,2280000.0,2386000.0,
1083000.0,956000.0,858700.0,1103000.0,1002000.0,171900.0,323000.0,556400.0,485800.0,2292000.0,2386000.0,
1083000.0,955000.0,859600.0,1099000.0,1002000.0,176500.0,318100.0,615600.0,426100.0,2292000.0,2386000.0,
1083000.0,952400.0,862500.0,1094000.0,989300.0,181300.0,313200.0,625600.0,416000.0,2303000.0,2398000.0,
926400.0,951800.0,863600.0,1242000.0,989300.0,181300.0,313200.0,625600.0,416000.0,2303000.0,2406000.0,
925600.0,952100.0,864100.0,1242000.0,946600.0,181300.0,313200.0,625600.0,416000.0,2303000.0,2449000.0,
899800.0,950500.0,852600.0,1261000.0,946600.0,181300.0,313200.0,625600.0,416000.0,2303000.0,2464000.0,
892200.0,952600.0,852900.0,1256000.0,923900.0,181300.0,313100.0,637100.0,404400.0,2303000.0,2487000.0,
913500.0,952200.0,854000.0,1256000.0,898800.0,181300.0,322700.0,627500.0,404400.0,2315000.0,2490000.0,
909700.0,949700.0,855600.0,1256000.0,904700.0,175300.0,322700.0,627500.0,404400.0,2315000.0,2490000.0,
1016000.0,949300.0,856000.0,1256000.0,904700.0,175300.0,322700.0,627500.0,404400.0,2338000.0,2383000.0,
998800.0,948300.0,858400.0,1267000.0,904700.0,185200.0,312800.0,627500.0,404400.0,2361000.0,2383000.0,
937000.0,951300.0,858400.0,1321000.0,879600.0,185100.0,312700.0,639800.0,391900.0,2361000.0,2408000.0,
936400.0,951900.0,835500.0,1321000.0,872000.0,185100.0,317600.0,635000.0,391900.0,2361000.0,2439000.0,
936400.0,949200.0,838200.0,1321000.0,872000.0,185100.0,545000.0,407600.0,391900.0,2361000.0,2439000.0,
935100.0,948600.0,839600.0,1313000.0,864000.0,185000.0,544900.0,407500.0,391900.0,2361000.0,2446000.0,
923400.0,947200.0,841400.0,1314000.0,870100.0,179000.0,544900.0,511000.0,288400.0,2361000.0,2446000.0,
922200.0,948300.0,841400.0,1309000.0,892100.0,156900.0,544800.0,520900.0,278300.0,2361000.0,2446000.0,
920700.0,947600.0,842600.0,1305000.0,892100.0,156900.0,544800.0,520900.0,278300.0,2361000.0,2446000.0,
920700.0,947600.0,826600.0,1300000.0,892100.0,156900.0,544800.0,527000.0,272300.0,2361000.0,2462000.0,
913400.0,945900.0,829400.0,1306000.0,867600.0,151200.0,544800.0,527000.0,272300.0,2361000.0,2492000.0,
929500.0,945000.0,830200.0,1297000.0,853900.0,151100.0,544600.0,526800.0,272200.0,2373000.0,2489000.0,
927200.0,946500.0,830600.0,1293000.0,875700.0,129300.0,552700.0,518800.0,272200.0,2373000.0,2489000.0,
969700.0,944500.0,832600.0,1305000.0,875600.0,129000.0,552600.0,524500.0,266000.0,2397000.0,2421000.0,
993400.0,944400.0,833400.0,1305000.0,868000.0,129000.0,552600.0,530500.0,341900.0,2327000.0,2399000.0,
991900.0,944400.0,834700.0,1300000.0,868000.0,135100.0,546500.0,530500.0,341800.0,2350000.0,2399000.0,
991000.0,943900.0,828200.0,1296000.0,898100.0,104900.0,546400.0,530400.0,341800.0,2350000.0,2406000.0,
1002000.0,942400.0,829600.0,1291000.0,890500.0,104900.0,546300.0,539800.0,332300.0,2362000.0,2403000.0,
1002000.0,942300.0,830100.0,1291000.0,882900.0,104900.0,546300.0,554000.0,318100.0,2362000.0,2410000.0,
1000000.0,941900.0,831300.0,1288000.0,874400.0,104900.0,546300.0,554000.0,318000.0,2362000.0,2418000.0,
1063000.0,940300.0,832600.0,1279000.0,866700.0,104900.0,546100.0,564900.0,306900.0,2386000.0,2362000.0,
1063000.0,940300.0,809700.0,1279000.0,866700.0,108700.0,547100.0,560000.0,306900.0,2398000.0,2385000.0,
1058000.0,943300.0,811100.0,1274000.0,866700.0,114700.0,541000.0,559900.0,306800.0,2398000.0,2385000.0,
1042000.0,942100.0,812200.0,1291000.0,872700.0,108700.0,541000.0,559900.0,306800.0,2398000.0,2385000.0,
990900.0,939800.0,815700.0,1336000.0,860100.0,108700.0,547000.0,553900.0,306800.0,2398000.0,2398000.0,
988500.0,939300.0,818600.0,1336000.0,852600.0,112600.0,543200.0,553900.0,333800.0,2394000.0,2405000.0,
1033000.0,939600.0,820100.0,1336000.0,845100.0,112600.0,543200.0,553900.0,419300.0,2321000.0,2367000.0,
1030000.0,939600.0,822200.0,1317000.0,855000.0,102200.0,543000.0,578700.0,394000.0,2333000.0,2367000.0,
1028000.0,941200.0,822100.0,1304000.0,826000.0,102000.0,542900.0,578400.0,393800.0,2356000.0,2396000.0,
1018000.0,936500.0,821200.0,1299000.0,826000.0,102000.0,542900.0,578400.0,393800.0,2356000.0,2396000.0,
1018000.0,933700.0,806100.0,1289000.0,818400.0,102000.0,556800.0,564200.0,393800.0,2356000.0,2421000.0,
1027000.0,932400.0,794200.0,1284000.0,818400.0,102000.0,556800.0,570300.0,387700.0,2368000.0,2421000.0,
1026000.0,933300.0,794200.0,1279000.0,818400.0,102000.0,579200.0,547900.0,387700.0,2368000.0,2421000.0,
1068000.0,931100.0,798200.0,1279000.0,818400.0,114100.0,567100.0,547900.0,387700.0,2391000.0,2377000.0,
1066000.0,931800.0,786200.0,1275000.0,818300.0,114100.0,567000.0,547900.0,523300.0,2279000.0,2390000.0,
1062000.0,928600.0,788700.0,1275000.0,818300.0,114100.0,567000.0,547900.0,523300.0,2279000.0,2390000.0,
1061000.0,924400.0,793600.0,1275000.0,818300.0,114100.0,567000.0,547900.0,523300.0,2291000.0,2390000.0,
1046000.0,921400.0,796400.0,1285000.0,824300.0,107900.0,566900.0,547700.0,523200.0,2291000.0,2390000.0,
1043000.0,922400.0,798200.0,1285000.0,833600.0,85980.0,566900.0,547700.0,523200.0,2291000.0,2403000.0,
1029000.0,923700.0,795900.0,1281000.0,833600.0,85960.0,566900.0,566700.0,504000.0,2291000.0,2403000.0,
1023000.0,921700.0,797900.0,1272000.0,833500.0,85950.0,566800.0,566600.0,504000.0,2291000.0,2403000.0,
1022000.0,919800.0,798800.0,1269000.0,833500.0,85950.0,566800.0,566600.0,504000.0,2291000.0,2403000.0,
1020000.0,920900.0,799200.0,1269000.0,821000.0,85950.0,574800.0,558600.0,504000.0,2291000.0,2415000.0,
1061000.0,922000.0,801200.0,1269000.0,821000.0,90780.0,570000.0,558600.0,504000.0,2314000.0,2372000.0,
1050000.0,921000.0,804300.0,1278000.0,813400.0,90780.0,576000.0,577200.0,479300.0,2314000.0,2379000.0,
1037000.0,920100.0,806900.0,1284000.0,813400.0,90760.0,583500.0,569500.0,479300.0,2337000.0,2379000.0,
1035000.0,919500.0,808900.0,1275000.0,813200.0,90590.0,589300.0,602000.0,440400.0,2348000.0,2379000.0,
1033000.0,919900.0,810700.0,1270000.0,813200.0,90590.0,589300.0,602000.0,440400.0,2360000.0,2379000.0,
1027000.0,914800.0,811700.0,1265000.0,798700.0,87500.0,609900.0,581400.0,440400.0,2360000.0,2397000.0,
1026000.0,913800.0,814200.0,1265000.0,798700.0,87500.0,609900.0,581400.0,440400.0,2360000.0,2397000.0,
1024000.0,911900.0,818100.0,1255000.0,798700.0,87500.0,609900.0,581400.0,440400.0,2360000.0,2397000.0,
1011000.0,910400.0,819500.0,1259000.0,798700.0,87490.0,609800.0,581300.0,440300.0,2360000.0,2397000.0,
1010000.0,910500.0,806800.0,1249000.0,798700.0,91350.0,606000.0,581300.0,440300.0,2360000.0,2410000.0,
1049000.0,908700.0,808400.0,1221000.0,786000.0,91060.0,605800.0,581000.0,440200.0,2372000.0,2382000.0,
1047000.0,907900.0,811200.0,1201000.0,786000.0,97090.0,605800.0,589300.0,425800.0,2372000.0,2382000.0,
1023000.0,905900.0,789600.0,1202000.0,785100.0,96930.0,605600.0,589000.0,425700.0,2384000.0,2405000.0,
1018000.0,909800.0,790000.0,1198000.0,765000.0,96910.0,605600.0,588900.0,425700.0,2384000.0,2425000.0,
1081000.0,907800.0,792000.0,1198000.0,757500.0,103300.0,599100.0,613100.0,401400.0,2396000.0,2370000.0,
1079000.0,907100.0,794400.0,1198000.0,757500.0,103300.0,599100.0,613100.0,401400.0,2396000.0,2370000.0,
1074000.0,905800.0,795700.0,1188000.0,757400.0,103300.0,599100.0,613000.0,560300.0,2248000.0,2370000.0,
1072000.0,903200.0,798300.0,1167000.0,757200.0,102800.0,598800.0,669300.0,503100.0,2259000.0,2370000.0,
1072000.0,901500.0,800500.0,1162000.0,757200.0,102800.0,598800.0,669300.0,503100.0,2282000.0,2370000.0,
1066000.0,901400.0,801400.0,1162000.0,747800.0,99720.0,598800.0,669300.0,503100.0,2305000.0,2383000.0,
1063000.0,902900.0,787300.0,1153000.0,746200.0,93680.0,603500.0,664400.0,503100.0,2317000.0,2405000.0,
1097000.0,902200.0,788900.0,1148000.0,746200.0,93680.0,603500.0,674500.0,493000.0,2328000.0,2371000.0,
1096000.0,900600.0,791100.0,1143000.0,746200.0,98500.0,598700.0,680500.0,487000.0,2328000.0,2371000.0,
1095000.0,900600.0,792200.0,1143000.0,746200.0,98500.0,598700.0,680500.0,487000.0,2328000.0,2371000.0,
1095000.0,899200.0,793700.0,1143000.0,746200.0,98500.0,598700.0,695600.0,471900.0,2351000.0,2371000.0,
1095000.0,897600.0,794800.0,1134000.0,738500.0,98370.0,604500.0,718500.0,442700.0,2351000.0,2379000.0,
1090000.0,901700.0,795200.0,1134000.0,738500.0,109200.0,593700.0,735600.0,425600.0,2363000.0,2379000.0,
1079000.0,901200.0,796600.0,1139000.0,726000.0,109200.0,593700.0,748300.0,412900.0,2375000.0,2391000.0,
1076000.0,897700.0,798300.0,1139000.0,713400.0,109200.0,593700.0,766400.0,394800.0,2375000.0,2404000.0,
1074000.0,892300.0,801200.0,1139000.0,705900.0,109200.0,593700.0,778500.0,382700.0,2375000.0,2411000.0,
1070000.0,894300.0,802300.0,1124000.0,698300.0,109200.0,593600.0,778400.0,382700.0,2375000.0,2419000.0,
1065000.0,890700.0,801200.0,1120000.0,698200.0,116500.0,586100.0,778200.0,381800.0,2375000.0,2419000.0,
1065000.0,889400.0,776700.0,1110000.0,698200.0,116500.0,586100.0,784300.0,375800.0,2375000.0,2445000.0,
1062000.0,885400.0,777900.0,1110000.0,650500.0,512800.0,189900.0,790300.0,369700.0,2375000.0,2493000.0,
1059000.0,888100.0,778500.0,1106000.0,650400.0,517600.0,184900.0,790300.0,369700.0,2375000.0,2493000.0,
1058000.0,887300.0,780500.0,1106000.0,630300.0,517600.0,184900.0,796300.0,363700.0,2375000.0,2513000.0,
1055000.0,890400.0,780500.0,1106000.0,612500.0,512800.0,184900.0,853600.0,306300.0,2375000.0,2536000.0,
1064000.0,889500.0,782600.0,1098000.0,588200.0,512600.0,192800.0,861500.0,290100.0,2387000.0,2542000.0,
1064000.0,889200.0,783300.0,1098000.0,587300.0,506000.0,197600.0,856600.0,290100.0,2387000.0,2550000.0,
1088000.0,889000.0,784800.0,1093000.0,587300.0,506000.0,197600.0,856600.0,290100.0,2399000.0,2524000.0,
1114000.0,889800.0,784900.0,1089000.0,587300.0,509800.0,193700.0,856500.0,447900.0,2253000.0,2492000.0,
1144000.0,890800.0,786400.0,1100000.0,567200.0,509800.0,193700.0,870600.0,433800.0,2276000.0,2469000.0,
1203000.0,892000.0,786900.0,1100000.0,573200.0,503800.0,193700.0,870600.0,433800.0,2287000.0,2408000.0,
1226000.0,890300.0,787600.0,1095000.0,573200.0,509800.0,187600.0,870500.0,433700.0,2298000.0,2376000.0,
1225000.0,890300.0,781000.0,1095000.0,573200.0,509800.0,187600.0,870500.0,433700.0,2298000.0,2383000.0,
1224000.0,890800.0,780900.0,1091000.0,565600.0,516200.0,189100.0,862400.0,433700.0,2298000.0,2391000.0,
1223000.0,890200.0,782800.0,1091000.0,565600.0,516200.0,189100.0,862400.0,433700.0,2298000.0,2391000.0,
1221000.0,889500.0,784900.0,1081000.0,565500.0,516200.0,189100.0,862300.0,433600.0,2298000.0,2391000.0,
1219000.0,890700.0,785500.0,1081000.0,565500.0,516200.0,206500.0,844800.0,433600.0,2298000.0,2391000.0,
1219000.0,888400.0,787500.0,1077000.0,565500.0,516100.0,206500.0,844700.0,433600.0,2298000.0,2391000.0,
1198000.0,889100.0,788700.0,1087000.0,569300.0,542400.0,182200.0,838500.0,433500.0,2298000.0,2391000.0,
1197000.0,887800.0,790400.0,1087000.0,546600.0,542400.0,182200.0,838500.0,433500.0,2298000.0,2414000.0,
1239000.0,889300.0,791500.0,1097000.0,552700.0,536300.0,182200.0,838500.0,433500.0,2310000.0,2359000.0,
1227000.0,888600.0,792400.0,1104000.0,556500.0,532500.0,182200.0,838500.0,433500.0,2310000.0,2359000.0,
1224000.0,888800.0,790700.0,1104000.0,556500.0,532500.0,188200.0,832500.0,433500.0,2310000.0,2359000.0,
1219000.0,882600.0,791700.0,1104000.0,556500.0,532500.0,188200.0,832500.0,433500.0,2310000.0,2359000.0,
1198000.0,876000.0,791900.0,1107000.0,556400.0,538500.0,194100.0,820100.0,433300.0,2310000.0,2359000.0,
1198000.0,868900.0,791900.0,1107000.0,551900.0,532500.0,200100.0,814000.0,433300.0,2310000.0,2377000.0,
1191000.0,870400.0,792200.0,1107000.0,544400.0,532500.0,200100.0,828100.0,419200.0,2310000.0,2384000.0,
1191000.0,869800.0,792700.0,1102000.0,536800.0,532500.0,520400.0,569100.0,357800.0,2310000.0,2392000.0,
1190000.0,866600.0,796500.0,1098000.0,541600.0,527600.0,546500.0,548800.0,351700.0,2321000.0,2392000.0,
1176000.0,865100.0,795000.0,1098000.0,529000.0,527600.0,561300.0,533800.0,351400.0,2321000.0,2412000.0,
1175000.0,864400.0,797300.0,1098000.0,521400.0,531400.0,557500.0,533800.0,351400.0,2321000.0,2420000.0,
1102000.0,862600.0,798900.0,1165000.0,521400.0,531400.0,562300.0,529000.0,351400.0,2321000.0,2420000.0,
1119000.0,861000.0,800600.0,1156000.0,521400.0,539500.0,559000.0,572400.0,303100.0,2333000.0,2402000.0,
1128000.0,860900.0,799100.0,1141000.0,521300.0,539500.0,559000.0,572100.0,302600.0,2345000.0,2390000.0,
1127000.0,859900.0,801400.0,1141000.0,527300.0,533400.0,565000.0,566100.0,302600.0,2345000.0,2390000.0,
1127000.0,859400.0,801900.0,1141000.0,528800.0,519400.0,565000.0,566100.0,302600.0,2345000.0,2403000.0,
1162000.0,858000.0,804300.0,1141000.0,528800.0,519400.0,565000.0,566100.0,302600.0,2356000.0,2361000.0,
1159000.0,859000.0,805700.0,1136000.0,516800.0,516300.0,565000.0,566100.0,302600.0,2356000.0,2377000.0,
1159000.0,857800.0,807000.0,1127000.0,521900.0,511100.0,564900.0,566100.0,302600.0,2356000.0,2377000.0,
1191000.0,858700.0,807000.0,1123000.0,496700.0,525100.0,550800.0,565900.0,302500.0,2368000.0,2363000.0,
1187000.0,861800.0,799800.0,1123000.0,496700.0,525100.0,550800.0,587500.0,280900.0,2380000.0,2371000.0,
1184000.0,864000.0,800000.0,1120000.0,496700.0,525100.0,550700.0,587400.0,280700.0,2380000.0,2371000.0,
1105000.0,862400.0,802800.0,1197000.0,508000.0,513800.0,550700.0,601500.0,266600.0,2380000.0,2371000.0,
1104000.0,862300.0,803300.0,1192000.0,507900.0,513700.0,558700.0,593300.0,266600.0,2380000.0,2371000.0,
1104000.0,859400.0,806100.0,1192000.0,486500.0,513700.0,558700.0,593300.0,266600.0,2380000.0,2392000.0,
1101000.0,861700.0,798600.0,1189000.0,486500.0,519800.0,552700.0,604800.0,255000.0,2392000.0,2400000.0,
1079000.0,863500.0,799900.0,1198000.0,486500.0,519800.0,552700.0,604800.0,266200.0,2393000.0,2400000.0,
1087000.0,863200.0,799300.0,1193000.0,473900.0,519700.0,557500.0,609900.0,289400.0,2371000.0,2400000.0,
1081000.0,866500.0,801400.0,1184000.0,438600.0,519700.0,557300.0,609700.0,289300.0,2371000.0,2435000.0,
1132000.0,864400.0,803000.0,1179000.0,438600.0,519700.0,557300.0,609700.0,289300.0,2383000.0,2379000.0,
1131000.0,865300.0,803600.0,1179000.0,438600.0,523500.0,553500.0,609700.0,289300.0,2383000.0,2379000.0,
1125000.0,865100.0,804900.0,1179000.0,421000.0,523500.0,838300.0,334900.0,279300.0,2395000.0,2397000.0,
1116000.0,863800.0,806800.0,1179000.0,421000.0,523500.0,838300.0,402800.0,271800.0,2347000.0,2404000.0,
1138000.0,863400.0,809400.0,1176000.0,409800.0,514700.0,838300.0,408900.0,265800.0,2358000.0,2399000.0,
1135000.0,865500.0,810100.0,1171000.0,409700.0,807000.0,551900.0,402800.0,265800.0,2370000.0,2399000.0,
1134000.0,866000.0,810100.0,1167000.0,409700.0,807000.0,551800.0,402700.0,265700.0,2382000.0,2399000.0,
1153000.0,867500.0,811300.0,1162000.0,390800.0,806900.0,551800.0,422600.0,245600.0,2394000.0,2396000.0,
1167000.0,868000.0,812700.0,1162000.0,728600.0,723900.0,289500.0,444700.0,275700.0,2377000.0,2388000.0,
1116000.0,869100.0,813700.0,1206000.0,721000.0,723900.0,289500.0,444700.0,275700.0,2377000.0,2396000.0,
1113000.0,869500.0,815100.0,1202000.0,705300.0,731100.0,277400.0,444700.0,275700.0,2377000.0,2416000.0,
1113000.0,869100.0,814900.0,1193000.0,705300.0,731100.0,277400.0,444700.0,275700.0,2377000.0,2416000.0,
1110000.0,870100.0,816300.0,1189000.0,687600.0,731000.0,288600.0,433300.0,275700.0,2377000.0,2434000.0,
1108000.0,870700.0,817400.0,1184000.0,687600.0,731000.0,288600.0,433200.0,275600.0,2377000.0,2434000.0,
1156000.0,859200.0,816600.0,1180000.0,687500.0,731000.0,288500.0,433000.0,275600.0,2389000.0,2377000.0,
1151000.0,862500.0,818600.0,1180000.0,687500.0,734900.0,284700.0,433000.0,416800.0,2260000.0,2377000.0,
1150000.0,862500.0,819300.0,1180000.0,681400.0,728400.0,284700.0,444600.0,405200.0,2271000.0,2390000.0,
1134000.0,861600.0,821200.0,1191000.0,686200.0,723500.0,284600.0,444400.0,405200.0,2294000.0,2390000.0,
1132000.0,861900.0,822800.0,1186000.0,686100.0,723500.0,289300.0,439600.0,405200.0,2294000.0,2390000.0,
1132000.0,860200.0,824600.0,1186000.0,686100.0,733400.0,279400.0,439600.0,405200.0,2294000.0,2390000.0,
1129000.0,862100.0,824800.0,1182000.0,686100.0,733400.0,288600.0,430200.0,405100.0,2294000.0,2390000.0,
1128000.0,862500.0,825400.0,1182000.0,686100.0,733400.0,288600.0,430200.0,405100.0,2294000.0,2390000.0,
1127000.0,862400.0,826800.0,1182000.0,673500.0,739800.0,282200.0,430200.0,405100.0,2306000.0,2402000.0,
1154000.0,862200.0,827800.0,1192000.0,669100.0,736700.0,290200.0,422200.0,405100.0,2317000.0,2362000.0,
1148000.0,863000.0,828100.0,1192000.0,669100.0,736700.0,290200.0,432200.0,395100.0,2329000.0,2362000.0,
1148000.0,863000.0,828100.0,1192000.0,669100.0,736700.0,290200.0,432200.0,395100.0,2329000.0,2362000.0,
1143000.0,864300.0,818400.0,1192000.0,661500.0,736700.0,290200.0,432200.0,395100.0,2329000.0,2383000.0,
1135000.0,863800.0,818600.0,1185000.0,671500.0,726700.0,290200.0,432100.0,395000.0,2340000.0,2383000.0,
1130000.0,862500.0,819500.0,1176000.0,654900.0,720600.0,290000.0,431900.0,394900.0,2340000.0,2406000.0,
1085000.0,862600.0,820900.0,1210000.0,654900.0,725400.0,339500.0,377600.0,394900.0,2340000.0,2406000.0,
1082000.0,863600.0,823300.0,1210000.0,905600.0,467100.0,339500.0,377600.0,394900.0,2340000.0,2413000.0,
1067000.0,862700.0,825300.0,1219000.0,908700.0,464000.0,339500.0,377500.0,394800.0,2340000.0,2413000.0,
1119000.0,862900.0,825900.0,1219000.0,914700.0,510100.0,287400.0,377500.0,394800.0,2352000.0,2360000.0,
1118000.0,862300.0,826900.0,1209000.0,914600.0,510000.0,287300.0,377300.0,394800.0,2352000.0,2360000.0,
1118000.0,862000.0,827100.0,1205000.0,897000.0,510000.0,287200.0,377300.0,394800.0,2352000.0,2378000.0,
1117000.0,861800.0,812300.0,1200000.0,889400.0,510000.0,287200.0,377200.0,394700.0,2376000.0,2401000.0,
1114000.0,861000.0,816000.0,1225000.0,889400.0,510000.0,287200.0,377200.0,394700.0,2387000.0,2376000.0,
1100000.0,859600.0,817300.0,1230000.0,889300.0,509900.0,295100.0,368900.0,394700.0,2387000.0,2376000.0,
1097000.0,861100.0,818900.0,1225000.0,889200.0,509800.0,295100.0,398300.0,365200.0,2399000.0,2376000.0,
1084000.0,863300.0,819100.0,1232000.0,889100.0,509800.0,304300.0,394900.0,359200.0,2399000.0,2376000.0,
1078000.0,866900.0,820800.0,1232000.0,889100.0,509800.0,313900.0,385300.0,359200.0,2399000.0,2376000.0,
1078000.0,865200.0,823000.0,1232000.0,889100.0,509800.0,313900.0,385300.0,379500.0,2391000.0,2376000.0,
1060000.0,865600.0,823800.0,1244000.0,881500.0,509800.0,313900.0,385200.0,500300.0,2294000.0,2383000.0,
1057000.0,866100.0,825500.0,1239000.0,873900.0,509800.0,313900.0,385200.0,500300.0,2294000.0,2391000.0,
1047000.0,874600.0,826700.0,1235000.0,876900.0,506600.0,313800.0,385000.0,500300.0,2294000.0,2391000.0,
1043000.0,877800.0,827600.0,1220000.0,876900.0,506600.0,313800.0,397100.0,488300.0,2294000.0,2391000.0,
1042000.0,878000.0,828100.0,1215000.0,879900.0,510900.0,306400.0,397000.0,488200.0,2305000.0,2391000.0,
1058000.0,879100.0,829700.0,1215000.0,864800.0,500900.0,306400.0,418100.0,467100.0,2316000.0,2398000.0,
1057000.0,878600.0,830800.0,1215000.0,857200.0,500900.0,306400.0,418100.0,467100.0,2316000.0,2405000.0,
1053000.0,882100.0,831800.0,1215000.0,857200.0,500900.0,306400.0,479200.0,406100.0,2316000.0,2405000.0,
1052000.0,881900.0,832600.0,1211000.0,857200.0,500900.0,306300.0,479100.0,406000.0,2316000.0,2405000.0,
1067000.0,888000.0,833900.0,1206000.0,857100.0,500900.0,306300.0,479000.0,406000.0,2328000.0,2383000.0,
