albumin,albuminRabA,albuminRabB,albuminRabC,albuminRabD,albuminRabE,enzyme,enzymeG55,enzymeG55RabA,enzymeG55RabB,enzymeG55RabC,enzymeG55RabD,enzymeG55RabE,enzymeGo3,enzymeGo3RabA,enzymeGo3RabB,enzymeGo3RabC,enzymeGo3RabD,enzymeGo3RabE,enzymeM,enzymeRabA,enzymeRabB,enzymeRabC,enzymeRabD,enzymeRabE,G55,G55RabA,G55RabB,G55RabC,G55RabD,G55RabE,Go3,Go3RabA,Go3RabB,Go3RabC,Go3RabD,Go3RabE,Gpli,membraneMarker,membraneMarkerRabA,membraneMarkerRabB,membraneMarkerRabC,membraneMarkerRabD,membraneMarkerRabE,ProC,ProCRabA,ProCRabB,ProCRabC,ProCRabD,ProCRabE,proton,protonRabA,protonRabB,protonRabC,protonRabD,protonRabE,solubleMarker,solubleMarkerRabA,solubleMarkerRabB,solubleMarkerRabC,solubleMarkerRabD,solubleMarkerRabE,Spli,
0.0,196257.0,0.0,0.0,0.0,0.0,0.0,0.0,8033.0,0.0,0.0,0.0,0.0,0.0,8033.0,0.0,0.0,0.0,0.0,0.0,8033.0,0.0,0.0,0.0,0.0,0.0,8033.0,0.0,0.0,0.0,0.0,0.0,8033.0,0.0,0.0,0.0,0.0,0.0,0.0,1.0,0.0,0.0,0.0,0.0,0.0,196257.0,0.0,0.0,0.0,0.0,0.0,0.0,53.87831,53.87831,53.87831,0.0,0.0,1.0,0.0,0.0,0.0,0.0,0.0,
0.0,196257.0,0.0,0.0,0.0,0.0,0.0,0.0,8033.0,0.0,0.0,0.0,0.0,0.0,8033.0,0.0,0.0,0.0,0.0,0.0,8033.0,0.0,0.0,0.0,0.0,0.0,8033.0,0.0,0.0,0.0,0.0,0.0,8033.0,0.0,0.0,0.0,0.0,0.0,0.0,1.0,0.0,0.0,0.0,0.0,0.0,196257.0,0.0,0.0,0.0,0.0,0.0,0.0,53.42455,54.17835,53.81397,0.21808,0.0,1.0,0.0,0.0,0.0,0.0,0.0,
0.0,196257.0,0.0,0.0,0.0,0.0,0.0,0.0,8033.0,0.0,0.0,0.0,0.0,0.0,8033.0,0.0,0.0,0.0,0.0,0.0,8033.0,0.0,0.0,0.0,0.0,0.0,8033.0,0.0,0.0,0.0,0.0,0.0,8033.0,0.0,0.0,0.0,0.0,0.0,0.0,1.0,0.0,0.0,0.0,0.0,0.0,196257.0,0.0,0.0,0.0,0.0,0.0,0.0,53.49046,54.17181,53.76389,0.20878,0.0,1.0,0.0,0.0,0.0,0.0,0.0,
0.0,196257.0,0.0,0.0,0.0,0.0,0.0,0.0,8033.0,0.0,0.0,0.0,0.0,0.0,8033.0,0.0,0.0,0.0,0.0,0.0,8033.0,0.0,0.0,0.0,0.0,0.0,8033.0,0.0,0.0,0.0,0.0,0.0,8033.0,0.0,0.0,0.0,0.0,0.0,0.0,1.0,0.0,0.0,0.0,0.0,0.0,196257.0,0.0,0.0,0.0,0.0,0.0,0.0,53.5581,53.92367,53.74714,0.40602,0.0,1.0,0.0,0.0,0.0,0.0,0.0,
0.0,196257.0,0.0,0.0,0.0,0.0,0.0,0.0,8033.0,0.0,0.0,0.0,0.0,0.0,8033.0,0.0,0.0,0.0,0.0,0.0,8033.0,0.0,0.0,0.0,0.0,0.0,8033.0,0.0,0.0,0.0,0.0,0.0,8033.0,0.0,0.0,0.0,0.0,0.0,0.0,1.0,0.0,0.0,0.0,0.0,0.0,196257.0,0.0,0.0,0.0,0.0,0.0,0.0,53.31436,54.23152,53.55924,0.52981,0.0,1.0,0.0,0.0,0.0,0.0,0.0,
0.0,196257.0,0.0,0.0,0.0,0.0,0.0,0.0,8033.0,0.0,0.0,0.0,0.0,0.0,8033.0,0.0,0.0,0.0,0.0,0.0,8033.0,0.0,0.0,0.0,0.0,0.0,8033.0,0.0,0.0,0.0,0.0,0.0,8033.0,0.0,0.0,0.0,0.0,0.0,0.0,1.0,0.0,0.0,0.0,0.0,0.0,196257.0,0.0,0.0,0.0,0.0,0.0,0.0,53.19141,54.18993,53.62728,0.62632,0.0,1.0,0.0,0.0,0.0,0.0,0.0,
0.0,196257.0,0.0,0.0,0.0,0.0,0.0,0.0,8033.0,0.0,0.0,0.0,0.0,0.0,8033.0,0.0,0.0,0.0,0.0,0.0,8033.0,0.0,0.0,0.0,0.0,0.0,8033.0,0.0,0.0,0.0,0.0,0.0,8033.0,0.0,0.0,0.0,0.0,0.0,0.0,1.0,0.0,0.0,0.0,0.0,0.0,196257.0,0.0,0.0,0.0,0.0,0.0,0.0,53.01541,54.1177,53.5587,0.94314,0.0,1.0,0.0,0.0,0.0,0.0,0.0,
0.0,196257.0,0.0,0.0,0.0,0.0,0.0,0.0,8033.0,0.0,0.0,0.0,0.0,0.0,8033.0,0.0,0.0,0.0,0.0,0.0,8033.0,0.0,0.0,0.0,0.0,0.0,8033.0,0.0,0.0,0.0,0.0,0.0,8033.0,0.0,0.0,0.0,0.0,0.0,0.0,1.0,0.0,0.0,0.0,0.0,0.0,196257.0,0.0,0.0,0.0,0.0,0.0,0.0,52.93266,54.24094,53.32442,1.13693,0.0,1.0,0.0,0.0,0.0,0.0,0.0,
0.0,196257.0,0.0,0.0,0.0,0.0,0.0,0.0,8033.0,0.0,0.0,0.0,0.0,0.0,8033.0,0.0,0.0,0.0,0.0,0.0,8033.0,0.0,0.0,0.0,0.0,0.0,8033.0,0.0,0.0,0.0,0.0,0.0,8033.0,0.0,0.0,0.0,0.0,0.0,0.0,1.0,0.0,0.0,0.0,0.0,0.0,196257.0,0.0,0.0,0.0,0.0,0.0,0.0,52.84357,54.36036,53.14234,1.28868,0.0,1.0,0.0,0.0,0.0,0.0,0.0,
0.0,196257.0,0.0,0.0,0.0,0.0,0.0,0.0,8033.0,0.0,0.0,0.0,0.0,0.0,8033.0,0.0,0.0,0.0,0.0,0.0,8033.0,0.0,0.0,0.0,0.0,0.0,8033.0,0.0,0.0,0.0,0.0,0.0,8033.0,0.0,0.0,0.0,0.0,0.0,0.0,1.0,0.0,0.0,0.0,0.0,0.0,196257.0,0.0,0.0,0.0,0.0,0.0,0.0,52.26457,54.55343,53.36052,1.45642,0.0,1.0,0.0,0.0,0.0,0.0,0.0,
0.0,196257.0,0.0,0.0,0.0,0.0,0.0,0.0,8033.0,0.0,0.0,0.0,0.0,0.0,8033.0,0.0,0.0,0.0,0.0,0.0,8033.0,0.0,0.0,0.0,0.0,0.0,8033.0,0.0,0.0,0.0,0.0,0.0,8033.0,0.0,0.0,0.0,0.0,0.0,0.0,1.0,0.0,0.0,0.0,0.0,0.0,196257.0,0.0,0.0,0.0,0.0,0.0,0.0,52.23959,54.23425,53.36891,1.79219,0.0,1.0,0.0,0.0,0.0,0.0,0.0,
0.0,196257.0,0.0,0.0,0.0,0.0,0.0,0.0,8033.0,0.0,0.0,0.0,0.0,0.0,8033.0,0.0,0.0,0.0,0.0,0.0,8033.0,0.0,0.0,0.0,0.0,0.0,8033.0,0.0,0.0,0.0,0.0,0.0,8033.0,0.0,0.0,0.0,0.0,0.0,0.0,1.0,0.0,0.0,0.0,0.0,0.0,196257.0,0.0,0.0,0.0,0.0,0.0,0.0,52.61885,53.63928,53.23267,2.14414,0.0,1.0,0.0,0.0,0.0,0.0,0.0,
0.0,196257.0,0.0,0.0,0.0,0.0,0.0,0.0,8033.0,0.0,0.0,0.0,0.0,0.0,8033.0,0.0,0.0,0.0,0.0,0.0,8033.0,0.0,0.0,0.0,0.0,0.0,8033.0,0.0,0.0,0.0,0.0,0.0,8033.0,0.0,0.0,0.0,0.0,0.0,0.0,1.0,0.0,0.0,0.0,0.0,0.0,196257.0,0.0,0.0,0.0,0.0,0.0,0.0,52.4797,53.67406,52.98661,2.49457,0.0,1.0,0.0,0.0,0.0,0.0,0.0,
0.0,196257.0,0.0,0.0,0.0,0.0,0.0,0.0,8033.0,0.0,0.0,0.0,0.0,0.0,8033.0,0.0,0.0,0.0,0.0,0.0,8033.0,0.0,0.0,0.0,0.0,0.0,8033.0,0.0,0.0,0.0,0.0,0.0,8033.0,0.0,0.0,0.0,0.0,0.0,0.0,1.0,0.0,0.0,0.0,0.0,0.0,196257.0,0.0,0.0,0.0,0.0,0.0,0.0,52.28641,53.83802,52.81333,2.69717,0.0,1.0,0.0,0.0,0.0,0.0,0.0,
0.0,196257.0,0.0,0.0,0.0,0.0,0.0,0.0,8033.0,0.0,0.0,0.0,0.0,0.0,8033.0,0.0,0.0,0.0,0.0,0.0,8033.0,0.0,0.0,0.0,0.0,0.0,8033.0,0.0,0.0,0.0,0.0,0.0,8033.0,0.0,0.0,0.0,0.0,0.0,0.0,1.0,0.0,0.0,0.0,0.0,0.0,196257.0,0.0,0.0,0.0,0.0,0.0,0.0,52.34872,53.45044,52.78603,3.04975,0.0,1.0,0.0,0.0,0.0,0.0,0.0,
0.0,196257.0,0.0,0.0,0.0,0.0,0.0,0.0,8033.0,0.0,0.0,0.0,0.0,0.0,8033.0,0.0,0.0,0.0,0.0,0.0,8033.0,0.0,0.0,0.0,0.0,0.0,8033.0,0.0,0.0,0.0,0.0,0.0,8033.0,0.0,0.0,0.0,0.0,0.0,0.0,1.0,0.0,0.0,0.0,0.0,0.0,196257.0,0.0,0.0,0.0,0.0,0.0,0.0,52.67866,52.92985,52.77802,3.24841,0.0,1.0,0.0,0.0,0.0,0.0,0.0,
0.0,196257.0,0.0,0.0,0.0,0.0,0.0,0.0,8033.0,0.0,0.0,0.0,0.0,0.0,8033.0,0.0,0.0,0.0,0.0,0.0,8033.0,0.0,0.0,0.0,0.0,0.0,8033.0,0.0,0.0,0.0,0.0,0.0,8033.0,0.0,0.0,0.0,0.0,0.0,0.0,1.0,0.0,0.0,0.0,0.0,0.0,196257.0,0.0,0.0,0.0,0.0,0.0,0.0,52.52016,52.99065,52.64832,3.47581,0.0,1.0,0.0,0.0,0.0,0.0,0.0,
0.0,196257.0,0.0,0.0,0.0,0.0,0.0,0.0,8033.0,0.0,0.0,0.0,0.0,0.0,8033.0,0.0,0.0,0.0,0.0,0.0,8033.0,0.0,0.0,0.0,0.0,0.0,8033.0,0.0,0.0,0.0,0.0,0.0,8033.0,0.0,0.0,0.0,0.0,0.0,0.0,1.0,0.0,0.0,0.0,0.0,0.0,196257.0,0.0,0.0,0.0,0.0,0.0,0.0,52.31381,53.20546,52.48475,3.63091,0.0,1.0,0.0,0.0,0.0,0.0,0.0,
0.0,196257.0,0.0,0.0,0.0,0.0,0.0,0.0,8033.0,0.0,0.0,0.0,0.0,0.0,8033.0,0.0,0.0,0.0,0.0,0.0,8033.0,0.0,0.0,0.0,0.0,0.0,8033.0,0.0,0.0,0.0,0.0,0.0,8033.0,0.0,0.0,0.0,0.0,0.0,0.0,1.0,0.0,0.0,0.0,0.0,0.0,196257.0,0.0,0.0,0.0,0.0,0.0,0.0,52.35436,53.13833,52.37031,3.77195,0.0,1.0,0.0,0.0,0.0,0.0,0.0,
0.0,196257.0,0.0,0.0,0.0,0.0,0.0,0.0,8033.0,0.0,0.0,0.0,0.0,0.0,8033.0,0.0,0.0,0.0,0.0,0.0,8033.0,0.0,0.0,0.0,0.0,0.0,8033.0,0.0,0.0,0.0,0.0,0.0,8033.0,0.0,0.0,0.0,0.0,0.0,0.0,1.0,0.0,0.0,0.0,0.0,0.0,196257.0,0.0,0.0,0.0,0.0,0.0,0.0,52.11962,53.21483,52.33874,3.96175,0.0,1.0,0.0,0.0,0.0,0.0,0.0,
0.0,196257.0,0.0,0.0,0.0,0.0,0.0,0.0,8033.0,0.0,0.0,0.0,0.0,0.0,8033.0,0.0,0.0,0.0,0.0,0.0,8033.0,0.0,0.0,0.0,0.0,0.0,8033.0,0.0,0.0,0.0,0.0,0.0,8033.0,0.0,0.0,0.0,0.0,0.0,0.0,1.0,0.0,0.0,0.0,0.0,0.0,196257.0,0.0,0.0,0.0,0.0,0.0,0.0,51.6309,53.40186,52.3829,4.21928,0.0,1.0,0.0,0.0,0.0,0.0,0.0,
0.0,196257.0,0.0,0.0,0.0,0.0,0.0,0.0,8033.0,0.0,0.0,0.0,0.0,0.0,8033.0,0.0,0.0,0.0,0.0,0.0,8033.0,0.0,0.0,0.0,0.0,0.0,8033.0,0.0,0.0,0.0,0.0,0.0,8033.0,0.0,0.0,0.0,0.0,0.0,0.0,1.0,0.0,0.0,0.0,0.0,0.0,196257.0,0.0,0.0,0.0,0.0,0.0,0.0,51.60144,53.10098,52.46107,4.47146,0.0,1.0,0.0,0.0,0.0,0.0,0.0,
0.0,196257.0,0.0,0.0,0.0,0.0,0.0,0.0,8033.0,0.0,0.0,0.0,0.0,0.0,8033.0,0.0,0.0,0.0,0.0,0.0,8033.0,0.0,0.0,0.0,0.0,0.0,8033.0,0.0,0.0,0.0,0.0,0.0,8033.0,0.0,0.0,0.0,0.0,0.0,0.0,1.0,0.0,0.0,0.0,0.0,0.0,196257.0,0.0,0.0,0.0,0.0,0.0,0.0,51.37475,52.96195,52.47296,4.82529,0.0,1.0,0.0,0.0,0.0,0.0,0.0,
0.0,196257.0,0.0,0.0,0.0,0.0,0.0,0.0,8033.0,0.0,0.0,0.0,0.0,0.0,8033.0,0.0,0.0,0.0,0.0,0.0,8033.0,0.0,0.0,0.0,0.0,0.0,8033.0,0.0,0.0,0.0,0.0,0.0,8033.0,0.0,0.0,0.0,0.0,0.0,0.0,1.0,0.0,0.0,0.0,0.0,0.0,196257.0,0.0,0.0,0.0,0.0,0.0,0.0,51.27922,53.05878,52.27764,5.0193,0.0,1.0,0.0,0.0,0.0,0.0,0.0,
0.0,196257.0,0.0,0.0,0.0,0.0,0.0,0.0,8033.0,0.0,0.0,0.0,0.0,0.0,8033.0,0.0,0.0,0.0,0.0,0.0,8033.0,0.0,0.0,0.0,0.0,0.0,8033.0,0.0,0.0,0.0,0.0,0.0,8033.0,0.0,0.0,0.0,0.0,0.0,0.0,1.0,0.0,0.0,0.0,0.0,0.0,196257.0,0.0,0.0,0.0,0.0,0.0,0.0,51.11395,53.33279,51.84212,5.34609,0.0,1.0,0.0,0.0,0.0,0.0,0.0,
0.0,196257.0,0.0,0.0,0.0,0.0,0.0,0.0,8033.0,0.0,0.0,0.0,0.0,0.0,8033.0,0.0,0.0,0.0,0.0,0.0,8033.0,0.0,0.0,0.0,0.0,0.0,8033.0,0.0,0.0,0.0,0.0,0.0,8033.0,0.0,0.0,0.0,0.0,0.0,0.0,1.0,0.0,0.0,0.0,0.0,0.0,196257.0,0.0,0.0,0.0,0.0,0.0,0.0,51.13183,52.77911,51.99986,5.72415,0.0,1.0,0.0,0.0,0.0,0.0,0.0,
0.0,196257.0,0.0,0.0,0.0,0.0,0.0,0.0,8033.0,0.0,0.0,0.0,0.0,0.0,8033.0,0.0,0.0,0.0,0.0,0.0,8033.0,0.0,0.0,0.0,0.0,0.0,8033.0,0.0,0.0,0.0,0.0,0.0,8033.0,0.0,0.0,0.0,0.0,0.0,0.0,1.0,0.0,0.0,0.0,0.0,0.0,196257.0,0.0,0.0,0.0,0.0,0.0,0.0,51.03754,52.59685,51.92886,6.07169,0.0,1.0,0.0,0.0,0.0,0.0,0.0,
0.0,196257.0,0.0,0.0,0.0,0.0,0.0,0.0,8033.0,0.0,0.0,0.0,0.0,0.0,8033.0,0.0,0.0,0.0,0.0,0.0,8033.0,0.0,0.0,0.0,0.0,0.0,8033.0,0.0,0.0,0.0,0.0,0.0,8033.0,0.0,0.0,0.0,0.0,0.0,0.0,1.0,0.0,0.0,0.0,0.0,0.0,196257.0,0.0,0.0,0.0,0.0,0.0,0.0,50.90465,52.34491,51.93711,6.44827,0.0,1.0,0.0,0.0,0.0,0.0,0.0,
0.0,196257.0,0.0,0.0,0.0,0.0,0.0,0.0,8033.0,0.0,0.0,0.0,0.0,0.0,8033.0,0.0,0.0,0.0,0.0,0.0,8033.0,0.0,0.0,0.0,0.0,0.0,8033.0,0.0,0.0,0.0,0.0,0.0,8033.0,0.0,0.0,0.0,0.0,0.0,0.0,1.0,0.0,0.0,0.0,0.0,0.0,196257.0,0.0,0.0,0.0,0.0,0.0,0.0,50.77327,52.08266,52.01138,6.76763,0.0,1.0,0.0,0.0,0.0,0.0,0.0,
0.0,196257.0,0.0,0.0,0.0,0.0,0.0,0.0,8033.0,0.0,0.0,0.0,0.0,0.0,8033.0,0.0,0.0,0.0,0.0,0.0,8033.0,0.0,0.0,0.0,0.0,0.0,8033.0,0.0,0.0,0.0,0.0,0.0,8033.0,0.0,0.0,0.0,0.0,0.0,0.0,1.0,0.0,0.0,0.0,0.0,0.0,196257.0,0.0,0.0,0.0,0.0,0.0,0.0,50.76049,51.85635,52.04099,6.9771,0.0,1.0,0.0,0.0,0.0,0.0,0.0,
0.0,196257.0,0.0,0.0,0.0,0.0,0.0,0.0,8033.0,0.0,0.0,0.0,0.0,0.0,8033.0,0.0,0.0,0.0,0.0,0.0,8033.0,0.0,0.0,0.0,0.0,0.0,8033.0,0.0,0.0,0.0,0.0,0.0,8033.0,0.0,0.0,0.0,0.0,0.0,0.0,1.0,0.0,0.0,0.0,0.0,0.0,196257.0,0.0,0.0,0.0,0.0,0.0,0.0,50.70541,52.44296,51.37551,7.11106,0.0,1.0,0.0,0.0,0.0,0.0,0.0,
0.0,196257.0,0.0,0.0,0.0,0.0,0.0,0.0,8033.0,0.0,0.0,0.0,0.0,0.0,8033.0,0.0,0.0,0.0,0.0,0.0,8033.0,0.0,0.0,0.0,0.0,0.0,8033.0,0.0,0.0,0.0,0.0,0.0,8033.0,0.0,0.0,0.0,0.0,0.0,0.0,1.0,0.0,0.0,0.0,0.0,0.0,196257.0,0.0,0.0,0.0,0.0,0.0,0.0,50.66657,52.26058,51.28077,7.42702,0.0,1.0,0.0,0.0,0.0,0.0,0.0,
0.0,196257.0,0.0,0.0,0.0,0.0,0.0,0.0,8033.0,0.0,0.0,0.0,0.0,0.0,8033.0,0.0,0.0,0.0,0.0,0.0,8033.0,0.0,0.0,0.0,0.0,0.0,8033.0,0.0,0.0,0.0,0.0,0.0,8033.0,0.0,0.0,0.0,0.0,0.0,0.0,1.0,0.0,0.0,0.0,0.0,0.0,196257.0,0.0,0.0,0.0,0.0,0.0,0.0,50.77101,52.47365,51.04958,7.3407,0.0,1.0,0.0,0.0,0.0,0.0,0.0,
0.0,196257.0,0.0,0.0,0.0,0.0,0.0,0.0,8033.0,0.0,0.0,0.0,0.0,0.0,8033.0,0.0,0.0,0.0,0.0,0.0,8033.0,0.0,0.0,0.0,0.0,0.0,8033.0,0.0,0.0,0.0,0.0,0.0,8033.0,0.0,0.0,0.0,0.0,0.0,0.0,1.0,0.0,0.0,0.0,0.0,0.0,196257.0,0.0,0.0,0.0,0.0,0.0,0.0,50.33364,52.3721,51.16497,7.76423,0.0,1.0,0.0,0.0,0.0,0.0,0.0,
0.0,196257.0,0.0,0.0,0.0,0.0,0.0,0.0,8033.0,0.0,0.0,0.0,0.0,0.0,8033.0,0.0,0.0,0.0,0.0,0.0,8033.0,0.0,0.0,0.0,0.0,0.0,8033.0,0.0,0.0,0.0,0.0,0.0,8033.0,0.0,0.0,0.0,0.0,0.0,0.0,1.0,0.0,0.0,0.0,0.0,0.0,196257.0,0.0,0.0,0.0,0.0,0.0,0.0,50.20802,52.47199,50.97552,7.97941,0.0,1.0,0.0,0.0,0.0,0.0,0.0,
0.0,196257.0,0.0,0.0,0.0,0.0,0.0,0.0,8033.0,0.0,0.0,0.0,0.0,0.0,8033.0,0.0,0.0,0.0,0.0,0.0,8033.0,0.0,0.0,0.0,0.0,0.0,8033.0,0.0,0.0,0.0,0.0,0.0,8033.0,0.0,0.0,0.0,0.0,0.0,0.0,1.0,0.0,0.0,0.0,0.0,0.0,196257.0,0.0,0.0,0.0,0.0,0.0,0.0,50.34019,52.06483,51.21177,8.01815,0.0,1.0,0.0,0.0,0.0,0.0,0.0,
0.0,196257.0,0.0,0.0,0.0,0.0,0.0,0.0,8033.0,0.0,0.0,0.0,0.0,0.0,8033.0,0.0,0.0,0.0,0.0,0.0,8033.0,0.0,0.0,0.0,0.0,0.0,8033.0,0.0,0.0,0.0,0.0,0.0,8033.0,0.0,0.0,0.0,0.0,0.0,0.0,1.0,0.0,0.0,0.0,0.0,0.0,196257.0,0.0,0.0,0.0,0.0,0.0,0.0,50.12066,52.09158,51.1747,8.248,0.0,1.0,0.0,0.0,0.0,0.0,0.0,
0.0,196257.0,0.0,0.0,0.0,0.0,0.0,0.0,8033.0,0.0,0.0,0.0,0.0,0.0,8033.0,0.0,0.0,0.0,0.0,0.0,8033.0,0.0,0.0,0.0,0.0,0.0,8033.0,0.0,0.0,0.0,0.0,0.0,8033.0,0.0,0.0,0.0,0.0,0.0,0.0,1.0,0.0,0.0,0.0,0.0,0.0,196257.0,0.0,0.0,0.0,0.0,0.0,0.0,49.55972,52.43381,51.11668,8.52474,0.0,1.0,0.0,0.0,0.0,0.0,0.0,
0.0,196257.0,0.0,0.0,0.0,0.0,0.0,0.0,8033.0,0.0,0.0,0.0,0.0,0.0,8033.0,0.0,0.0,0.0,0.0,0.0,8033.0,0.0,0.0,0.0,0.0,0.0,8033.0,0.0,0.0,0.0,0.0,0.0,8033.0,0.0,0.0,0.0,0.0,0.0,0.0,1.0,0.0,0.0,0.0,0.0,0.0,196257.0,0.0,0.0,0.0,0.0,0.0,0.0,49.28435,52.48535,51.02462,8.84062,0.0,1.0,0.0,0.0,0.0,0.0,0.0,
0.0,196257.0,0.0,0.0,0.0,0.0,0.0,0.0,8033.0,0.0,0.0,0.0,0.0,0.0,8033.0,0.0,0.0,0.0,0.0,0.0,8033.0,0.0,0.0,0.0,0.0,0.0,8033.0,0.0,0.0,0.0,0.0,0.0,8033.0,0.0,0.0,0.0,0.0,0.0,0.0,1.0,0.0,0.0,0.0,0.0,0.0,196257.0,0.0,0.0,0.0,0.0,0.0,0.0,49.39958,52.2807,51.00526,8.94941,0.0,1.0,0.0,0.0,0.0,0.0,0.0,
0.0,196257.0,0.0,0.0,0.0,0.0,0.0,0.0,8033.0,0.0,0.0,0.0,0.0,0.0,8033.0,0.0,0.0,0.0,0.0,0.0,8033.0,0.0,0.0,0.0,0.0,0.0,8033.0,0.0,0.0,0.0,0.0,0.0,8033.0,0.0,0.0,0.0,0.0,0.0,0.0,1.0,0.0,0.0,0.0,0.0,0.0,196257.0,0.0,0.0,0.0,0.0,0.0,0.0,49.45826,51.55707,50.96077,9.65884,0.0,1.0,0.0,0.0,0.0,0.0,0.0,
0.0,196257.0,0.0,0.0,0.0,0.0,0.0,0.0,8033.0,0.0,0.0,0.0,0.0,0.0,8033.0,0.0,0.0,0.0,0.0,0.0,8033.0,0.0,0.0,0.0,0.0,0.0,8033.0,0.0,0.0,0.0,0.0,0.0,8033.0,0.0,0.0,0.0,0.0,0.0,0.0,1.0,0.0,0.0,0.0,0.0,0.0,196257.0,0.0,0.0,0.0,0.0,0.0,0.0,49.38086,51.60405,50.79612,9.85391,0.0,1.0,0.0,0.0,0.0,0.0,0.0,
0.0,196257.0,0.0,0.0,0.0,0.0,0.0,0.0,8033.0,0.0,0.0,0.0,0.0,0.0,8033.0,0.0,0.0,0.0,0.0,0.0,8033.0,0.0,0.0,0.0,0.0,0.0,8033.0,0.0,0.0,0.0,0.0,0.0,8033.0,0.0,0.0,0.0,0.0,0.0,0.0,1.0,0.0,0.0,0.0,0.0,0.0,196257.0,0.0,0.0,0.0,0.0,0.0,0.0,49.71518,50.80075,50.93909,10.17993,0.0,1.0,0.0,0.0,0.0,0.0,0.0,
0.0,196257.0,0.0,0.0,0.0,0.0,0.0,0.0,8033.0,0.0,0.0,0.0,0.0,0.0,8033.0,0.0,0.0,0.0,0.0,0.0,8033.0,0.0,0.0,0.0,0.0,0.0,8033.0,0.0,0.0,0.0,0.0,0.0,8033.0,0.0,0.0,0.0,0.0,0.0,0.0,1.0,0.0,0.0,0.0,0.0,0.0,196257.0,0.0,0.0,0.0,0.0,0.0,0.0,49.57078,50.56006,50.82205,10.68205,0.0,1.0,0.0,0.0,0.0,0.0,0.0,
0.0,196257.0,0.0,0.0,0.0,0.0,0.0,0.0,8033.0,0.0,0.0,0.0,0.0,0.0,8033.0,0.0,0.0,0.0,0.0,0.0,8033.0,0.0,0.0,0.0,0.0,0.0,8033.0,0.0,0.0,0.0,0.0,0.0,8033.0,0.0,0.0,0.0,0.0,0.0,0.0,1.0,0.0,0.0,0.0,0.0,0.0,196257.0,0.0,0.0,0.0,0.0,0.0,0.0,49.40986,50.53917,50.8959,10.79001,0.0,1.0,0.0,0.0,0.0,0.0,0.0,
0.0,196257.0,0.0,0.0,0.0,0.0,0.0,0.0,8033.0,0.0,0.0,0.0,0.0,0.0,8033.0,0.0,0.0,0.0,0.0,0.0,8033.0,0.0,0.0,0.0,0.0,0.0,8033.0,0.0,0.0,0.0,0.0,0.0,8033.0,0.0,0.0,0.0,0.0,0.0,0.0,1.0,0.0,0.0,0.0,0.0,0.0,196257.0,0.0,0.0,0.0,0.0,0.0,0.0,49.28931,50.80536,50.62427,10.916,0.0,1.0,0.0,0.0,0.0,0.0,0.0,
0.0,196257.0,0.0,0.0,0.0,0.0,0.0,0.0,8033.0,0.0,0.0,0.0,0.0,0.0,8033.0,0.0,0.0,0.0,0.0,0.0,8033.0,0.0,0.0,0.0,0.0,0.0,8033.0,0.0,0.0,0.0,0.0,0.0,8033.0,0.0,0.0,0.0,0.0,0.0,0.0,1.0,0.0,0.0,0.0,0.0,0.0,196257.0,0.0,0.0,0.0,0.0,0.0,0.0,49.11823,50.74926,50.36469,11.40276,0.0,1.0,0.0,0.0,0.0,0.0,0.0,
0.0,196257.0,0.0,0.0,0.0,0.0,0.0,0.0,8033.0,0.0,0.0,0.0,0.0,0.0,8033.0,0.0,0.0,0.0,0.0,0.0,8033.0,0.0,0.0,0.0,0.0,0.0,8033.0,0.0,0.0,0.0,0.0,0.0,8033.0,0.0,0.0,0.0,0.0,0.0,0.0,1.0,0.0,0.0,0.0,0.0,0.0,196257.0,0.0,0.0,0.0,0.0,0.0,0.0,48.97606,50.75257,50.27232,11.63399,0.0,1.0,0.0,0.0,0.0,0.0,0.0,
0.0,196257.0,0.0,0.0,0.0,0.0,0.0,0.0,8033.0,0.0,0.0,0.0,0.0,0.0,8033.0,0.0,0.0,0.0,0.0,0.0,8033.0,0.0,0.0,0.0,0.0,0.0,8033.0,0.0,0.0,0.0,0.0,0.0,8033.0,0.0,0.0,0.0,0.0,0.0,0.0,1.0,0.0,0.0,0.0,0.0,0.0,196257.0,0.0,0.0,0.0,0.0,0.0,0.0,48.78017,50.63737,50.2355,11.9819,0.0,1.0,0.0,0.0,0.0,0.0,0.0,
0.0,196257.0,0.0,0.0,0.0,0.0,0.0,0.0,8033.0,0.0,0.0,0.0,0.0,0.0,8033.0,0.0,0.0,0.0,0.0,0.0,8033.0,0.0,0.0,0.0,0.0,0.0,8033.0,0.0,0.0,0.0,0.0,0.0,8033.0,0.0,0.0,0.0,0.0,0.0,0.0,1.0,0.0,0.0,0.0,0.0,0.0,196257.0,0.0,0.0,0.0,0.0,0.0,0.0,48.68605,50.57059,50.22621,12.15209,0.0,1.0,0.0,0.0,0.0,0.0,0.0,
0.0,196257.0,0.0,0.0,0.0,0.0,0.0,0.0,8033.0,0.0,0.0,0.0,0.0,0.0,8033.0,0.0,0.0,0.0,0.0,0.0,8033.0,0.0,0.0,0.0,0.0,0.0,8033.0,0.0,0.0,0.0,0.0,0.0,8033.0,0.0,0.0,0.0,0.0,0.0,0.0,1.0,0.0,0.0,0.0,0.0,0.0,196257.0,0.0,0.0,0.0,0.0,0.0,0.0,48.7402,50.2199,50.18967,12.48517,0.0,1.0,0.0,0.0,0.0,0.0,0.0,
0.0,196257.0,0.0,0.0,0.0,0.0,0.0,0.0,8033.0,0.0,0.0,0.0,0.0,0.0,8033.0,0.0,0.0,0.0,0.0,0.0,8033.0,0.0,0.0,0.0,0.0,0.0,8033.0,0.0,0.0,0.0,0.0,0.0,8033.0,0.0,0.0,0.0,0.0,0.0,0.0,1.0,0.0,0.0,0.0,0.0,0.0,196257.0,0.0,0.0,0.0,0.0,0.0,0.0,48.42185,50.62963,49.78901,12.79445,0.0,1.0,0.0,0.0,0.0,0.0,0.0,
0.0,196257.0,0.0,0.0,0.0,0.0,0.0,0.0,8033.0,0.0,0.0,0.0,0.0,0.0,8033.0,0.0,0.0,0.0,0.0,0.0,8033.0,0.0,0.0,0.0,0.0,0.0,8033.0,0.0,0.0,0.0,0.0,0.0,8033.0,0.0,0.0,0.0,0.0,0.0,0.0,1.0,0.0,0.0,0.0,0.0,0.0,196257.0,0.0,0.0,0.0,0.0,0.0,0.0,48.50858,50.15226,49.84435,13.12976,0.0,1.0,0.0,0.0,0.0,0.0,0.0,
0.0,196257.0,0.0,0.0,0.0,0.0,0.0,0.0,8033.0,0.0,0.0,0.0,0.0,0.0,8033.0,0.0,0.0,0.0,0.0,0.0,8033.0,0.0,0.0,0.0,0.0,0.0,8033.0,0.0,0.0,0.0,0.0,0.0,8033.0,0.0,0.0,0.0,0.0,0.0,0.0,1.0,0.0,0.0,0.0,0.0,0.0,196257.0,0.0,0.0,0.0,0.0,0.0,0.0,48.48684,50.28868,49.72809,13.13133,0.0,1.0,0.0,0.0,0.0,0.0,0.0,
0.0,196257.0,0.0,0.0,0.0,0.0,0.0,0.0,8033.0,0.0,0.0,0.0,0.0,0.0,8033.0,0.0,0.0,0.0,0.0,0.0,8033.0,0.0,0.0,0.0,0.0,0.0,8033.0,0.0,0.0,0.0,0.0,0.0,8033.0,0.0,0.0,0.0,0.0,0.0,0.0,1.0,0.0,0.0,0.0,0.0,0.0,196257.0,0.0,0.0,0.0,0.0,0.0,0.0,48.04194,50.27899,49.68585,13.62816,0.0,1.0,0.0,0.0,0.0,0.0,0.0,
0.0,196257.0,0.0,0.0,0.0,0.0,0.0,0.0,8033.0,0.0,0.0,0.0,0.0,0.0,8033.0,0.0,0.0,0.0,0.0,0.0,8033.0,0.0,0.0,0.0,0.0,0.0,8033.0,0.0,0.0,0.0,0.0,0.0,8033.0,0.0,0.0,0.0,0.0,0.0,0.0,1.0,0.0,0.0,0.0,0.0,0.0,196257.0,0.0,0.0,0.0,0.0,0.0,0.0,48.29801,50.04733,49.52382,13.76578,0.0,1.0,0.0,0.0,0.0,0.0,0.0,
0.0,196257.0,0.0,0.0,0.0,0.0,0.0,0.0,8033.0,0.0,0.0,0.0,0.0,0.0,8033.0,0.0,0.0,0.0,0.0,0.0,8033.0,0.0,0.0,0.0,0.0,0.0,8033.0,0.0,0.0,0.0,0.0,0.0,8033.0,0.0,0.0,0.0,0.0,0.0,0.0,1.0,0.0,0.0,0.0,0.0,0.0,196257.0,0.0,0.0,0.0,0.0,0.0,0.0,48.23791,50.10719,49.3573,13.93253,0.0,1.0,0.0,0.0,0.0,0.0,0.0,
0.0,196257.0,0.0,0.0,0.0,0.0,0.0,0.0,8033.0,0.0,0.0,0.0,0.0,0.0,8033.0,0.0,0.0,0.0,0.0,0.0,8033.0,0.0,0.0,0.0,0.0,0.0,8033.0,0.0,0.0,0.0,0.0,0.0,8033.0,0.0,0.0,0.0,0.0,0.0,0.0,1.0,0.0,0.0,0.0,0.0,0.0,196257.0,0.0,0.0,0.0,0.0,0.0,0.0,48.33416,49.77455,49.48866,14.03758,0.0,1.0,0.0,0.0,0.0,0.0,0.0,
0.0,196257.0,0.0,0.0,0.0,0.0,0.0,0.0,8033.0,0.0,0.0,0.0,0.0,0.0,8033.0,0.0,0.0,0.0,0.0,0.0,8033.0,0.0,0.0,0.0,0.0,0.0,8033.0,0.0,0.0,0.0,0.0,0.0,8033.0,0.0,0.0,0.0,0.0,0.0,0.0,1.0,0.0,0.0,0.0,0.0,0.0,196257.0,0.0,0.0,0.0,0.0,0.0,0.0,47.86609,49.90958,49.50766,14.35161,0.0,1.0,0.0,0.0,0.0,0.0,0.0,
0.0,196257.0,0.0,0.0,0.0,0.0,0.0,0.0,8033.0,0.0,0.0,0.0,0.0,0.0,8033.0,0.0,0.0,0.0,0.0,0.0,8033.0,0.0,0.0,0.0,0.0,0.0,8033.0,0.0,0.0,0.0,0.0,0.0,8033.0,0.0,0.0,0.0,0.0,0.0,0.0,1.0,0.0,0.0,0.0,0.0,0.0,196257.0,0.0,0.0,0.0,0.0,0.0,0.0,47.99464,49.73692,49.40795,14.49543,0.0,1.0,0.0,0.0,0.0,0.0,0.0,
0.0,196257.0,0.0,0.0,0.0,0.0,0.0,0.0,8033.0,0.0,0.0,0.0,0.0,0.0,8033.0,0.0,0.0,0.0,0.0,0.0,8033.0,0.0,0.0,0.0,0.0,0.0,8033.0,0.0,0.0,0.0,0.0,0.0,8033.0,0.0,0.0,0.0,0.0,0.0,0.0,1.0,0.0,0.0,0.0,0.0,0.0,196257.0,0.0,0.0,0.0,0.0,0.0,0.0,47.77989,49.78272,49.22528,14.84706,0.0,1.0,0.0,0.0,0.0,0.0,0.0,
0.0,196257.0,0.0,0.0,0.0,0.0,0.0,0.0,8033.0,0.0,0.0,0.0,0.0,0.0,8033.0,0.0,0.0,0.0,0.0,0.0,8033.0,0.0,0.0,0.0,0.0,0.0,8033.0,0.0,0.0,0.0,0.0,0.0,8033.0,0.0,0.0,0.0,0.0,0.0,0.0,1.0,0.0,0.0,0.0,0.0,0.0,196257.0,0.0,0.0,0.0,0.0,0.0,0.0,47.76752,49.52814,49.41716,14.92213,0.0,1.0,0.0,0.0,0.0,0.0,0.0,
0.0,196257.0,0.0,0.0,0.0,0.0,0.0,0.0,8033.0,0.0,0.0,0.0,0.0,0.0,8033.0,0.0,0.0,0.0,0.0,0.0,8033.0,0.0,0.0,0.0,0.0,0.0,8033.0,0.0,0.0,0.0,0.0,0.0,8033.0,0.0,0.0,0.0,0.0,0.0,0.0,1.0,0.0,0.0,0.0,0.0,0.0,196257.0,0.0,0.0,0.0,0.0,0.0,0.0,47.89066,49.33201,49.23916,15.17312,0.0,1.0,0.0,0.0,0.0,0.0,0.0,
0.0,196257.0,0.0,0.0,0.0,0.0,0.0,0.0,8033.0,0.0,0.0,0.0,0.0,0.0,8033.0,0.0,0.0,0.0,0.0,0.0,8033.0,0.0,0.0,0.0,0.0,0.0,8033.0,0.0,0.0,0.0,0.0,0.0,8033.0,0.0,0.0,0.0,0.0,0.0,0.0,1.0,0.0,0.0,0.0,0.0,0.0,196257.0,0.0,0.0,0.0,0.0,0.0,0.0,47.82292,48.90292,49.32896,15.58014,0.0,1.0,0.0,0.0,0.0,0.0,0.0,
0.0,196257.0,0.0,0.0,0.0,0.0,0.0,0.0,8033.0,0.0,0.0,0.0,0.0,0.0,8033.0,0.0,0.0,0.0,0.0,0.0,8033.0,0.0,0.0,0.0,0.0,0.0,8033.0,0.0,0.0,0.0,0.0,0.0,8033.0,0.0,0.0,0.0,0.0,0.0,0.0,1.0,0.0,0.0,0.0,0.0,0.0,196257.0,0.0,0.0,0.0,0.0,0.0,0.0,47.48991,48.86293,49.32042,15.96169,0.0,1.0,0.0,0.0,0.0,0.0,0.0,
0.0,196257.0,0.0,0.0,0.0,0.0,0.0,0.0,8033.0,0.0,0.0,0.0,0.0,0.0,8033.0,0.0,0.0,0.0,0.0,0.0,8033.0,0.0,0.0,0.0,0.0,0.0,8033.0,0.0,0.0,0.0,0.0,0.0,8033.0,0.0,0.0,0.0,0.0,0.0,0.0,1.0,0.0,0.0,0.0,0.0,0.0,196257.0,0.0,0.0,0.0,0.0,0.0,0.0,47.33864,49.21849,49.07194,16.00587,0.0,1.0,0.0,0.0,0.0,0.0,0.0,
0.0,196257.0,0.0,0.0,0.0,0.0,0.0,0.0,8033.0,0.0,0.0,0.0,0.0,0.0,8033.0,0.0,0.0,0.0,0.0,0.0,8033.0,0.0,0.0,0.0,0.0,0.0,8033.0,0.0,0.0,0.0,0.0,0.0,8033.0,0.0,0.0,0.0,0.0,0.0,0.0,1.0,0.0,0.0,0.0,0.0,0.0,196257.0,0.0,0.0,0.0,0.0,0.0,0.0,47.26669,48.57464,49.44992,16.34369,0.0,1.0,0.0,0.0,0.0,0.0,0.0,
0.0,196257.0,0.0,0.0,0.0,0.0,0.0,0.0,8033.0,0.0,0.0,0.0,0.0,0.0,8033.0,0.0,0.0,0.0,0.0,0.0,8033.0,0.0,0.0,0.0,0.0,0.0,8033.0,0.0,0.0,0.0,0.0,0.0,8033.0,0.0,0.0,0.0,0.0,0.0,0.0,1.0,0.0,0.0,0.0,0.0,0.0,196257.0,0.0,0.0,0.0,0.0,0.0,0.0,47.18665,48.33886,49.45453,16.65491,0.0,1.0,0.0,0.0,0.0,0.0,0.0,
0.0,196257.0,0.0,0.0,0.0,0.0,0.0,0.0,8033.0,0.0,0.0,0.0,0.0,0.0,8033.0,0.0,0.0,0.0,0.0,0.0,8033.0,0.0,0.0,0.0,0.0,0.0,8033.0,0.0,0.0,0.0,0.0,0.0,8033.0,0.0,0.0,0.0,0.0,0.0,0.0,1.0,0.0,0.0,0.0,0.0,0.0,196257.0,0.0,0.0,0.0,0.0,0.0,0.0,47.12301,47.89874,49.7127,16.90049,0.0,1.0,0.0,0.0,0.0,0.0,0.0,
0.0,196257.0,0.0,0.0,0.0,0.0,0.0,0.0,8033.0,0.0,0.0,0.0,0.0,0.0,8033.0,0.0,0.0,0.0,0.0,0.0,8033.0,0.0,0.0,0.0,0.0,0.0,8033.0,0.0,0.0,0.0,0.0,0.0,8033.0,0.0,0.0,0.0,0.0,0.0,0.0,1.0,0.0,0.0,0.0,0.0,0.0,196257.0,0.0,0.0,0.0,0.0,0.0,0.0,46.90924,47.99012,49.23309,17.5025,0.0,1.0,0.0,0.0,0.0,0.0,0.0,
0.0,196257.0,0.0,0.0,0.0,0.0,0.0,0.0,8033.0,0.0,0.0,0.0,0.0,0.0,8033.0,0.0,0.0,0.0,0.0,0.0,8033.0,0.0,0.0,0.0,0.0,0.0,8033.0,0.0,0.0,0.0,0.0,0.0,8033.0,0.0,0.0,0.0,0.0,0.0,0.0,1.0,0.0,0.0,0.0,0.0,0.0,196257.0,0.0,0.0,0.0,0.0,0.0,0.0,46.84455,48.54674,48.75071,17.49295,0.0,1.0,0.0,0.0,0.0,0.0,0.0,
0.0,196257.0,0.0,0.0,0.0,0.0,0.0,0.0,8033.0,0.0,0.0,0.0,0.0,0.0,8033.0,0.0,0.0,0.0,0.0,0.0,8033.0,0.0,0.0,0.0,0.0,0.0,8033.0,0.0,0.0,0.0,0.0,0.0,8033.0,0.0,0.0,0.0,0.0,0.0,0.0,1.0,0.0,0.0,0.0,0.0,0.0,196257.0,0.0,0.0,0.0,0.0,0.0,0.0,46.79015,48.30325,48.62328,17.91826,0.0,1.0,0.0,0.0,0.0,0.0,0.0,
0.0,196257.0,0.0,0.0,0.0,0.0,0.0,0.0,8033.0,0.0,0.0,0.0,0.0,0.0,8033.0,0.0,0.0,0.0,0.0,0.0,8033.0,0.0,0.0,0.0,0.0,0.0,8033.0,0.0,0.0,0.0,0.0,0.0,8033.0,0.0,0.0,0.0,0.0,0.0,0.0,1.0,0.0,0.0,0.0,0.0,0.0,196257.0,0.0,0.0,0.0,0.0,0.0,0.0,46.62377,48.20044,48.63219,18.17854,0.0,1.0,0.0,0.0,0.0,0.0,0.0,
0.0,196257.0,0.0,0.0,0.0,0.0,0.0,0.0,8033.0,0.0,0.0,0.0,0.0,0.0,8033.0,0.0,0.0,0.0,0.0,0.0,8033.0,0.0,0.0,0.0,0.0,0.0,8033.0,0.0,0.0,0.0,0.0,0.0,8033.0,0.0,0.0,0.0,0.0,0.0,0.0,1.0,0.0,0.0,0.0,0.0,0.0,196257.0,0.0,0.0,0.0,0.0,0.0,0.0,46.82711,47.91515,48.35138,18.54131,0.0,1.0,0.0,0.0,0.0,0.0,0.0,
0.0,196257.0,0.0,0.0,0.0,0.0,0.0,0.0,8033.0,0.0,0.0,0.0,0.0,0.0,8033.0,0.0,0.0,0.0,0.0,0.0,8033.0,0.0,0.0,0.0,0.0,0.0,8033.0,0.0,0.0,0.0,0.0,0.0,8033.0,0.0,0.0,0.0,0.0,0.0,0.0,1.0,0.0,0.0,0.0,0.0,0.0,196257.0,0.0,0.0,0.0,0.0,0.0,0.0,46.57407,48.26918,48.15287,18.63882,0.0,1.0,0.0,0.0,0.0,0.0,0.0,
0.0,196257.0,0.0,0.0,0.0,0.0,0.0,0.0,8033.0,0.0,0.0,0.0,0.0,0.0,8033.0,0.0,0.0,0.0,0.0,0.0,8033.0,0.0,0.0,0.0,0.0,0.0,8033.0,0.0,0.0,0.0,0.0,0.0,8033.0,0.0,0.0,0.0,0.0,0.0,0.0,1.0,0.0,0.0,0.0,0.0,0.0,196257.0,0.0,0.0,0.0,0.0,0.0,0.0,46.71355,48.13676,47.93758,18.84705,0.0,1.0,0.0,0.0,0.0,0.0,0.0,
0.0,196257.0,0.0,0.0,0.0,0.0,0.0,0.0,8033.0,0.0,0.0,0.0,0.0,0.0,8033.0,0.0,0.0,0.0,0.0,0.0,8033.0,0.0,0.0,0.0,0.0,0.0,8033.0,0.0,0.0,0.0,0.0,0.0,8033.0,0.0,0.0,0.0,0.0,0.0,0.0,1.0,0.0,0.0,0.0,0.0,0.0,196257.0,0.0,0.0,0.0,0.0,0.0,0.0,46.18793,48.40758,47.86233,19.17711,0.0,1.0,0.0,0.0,0.0,0.0,0.0,
0.0,196257.0,0.0,0.0,0.0,0.0,0.0,0.0,8033.0,0.0,0.0,0.0,0.0,0.0,8033.0,0.0,0.0,0.0,0.0,0.0,8033.0,0.0,0.0,0.0,0.0,0.0,8033.0,0.0,0.0,0.0,0.0,0.0,8033.0,0.0,0.0,0.0,0.0,0.0,0.0,1.0,0.0,0.0,0.0,0.0,0.0,196257.0,0.0,0.0,0.0,0.0,0.0,0.0,46.14193,48.61358,47.3629,19.51654,0.0,1.0,0.0,0.0,0.0,0.0,0.0,
0.0,196257.0,0.0,0.0,0.0,0.0,0.0,0.0,8033.0,0.0,0.0,0.0,0.0,0.0,8033.0,0.0,0.0,0.0,0.0,0.0,8033.0,0.0,0.0,0.0,0.0,0.0,8033.0,0.0,0.0,0.0,0.0,0.0,8033.0,0.0,0.0,0.0,0.0,0.0,0.0,1.0,0.0,0.0,0.0,0.0,0.0,196257.0,0.0,0.0,0.0,0.0,0.0,0.0,46.2266,48.17572,47.62441,19.60821,0.0,1.0,0.0,0.0,0.0,0.0,0.0,
0.0,196257.0,0.0,0.0,0.0,0.0,0.0,0.0,8033.0,0.0,0.0,0.0,0.0,0.0,8033.0,0.0,0.0,0.0,0.0,0.0,8033.0,0.0,0.0,0.0,0.0,0.0,8033.0,0.0,0.0,0.0,0.0,0.0,8033.0,0.0,0.0,0.0,0.0,0.0,0.0,1.0,0.0,0.0,0.0,0.0,0.0,196257.0,0.0,0.0,0.0,0.0,0.0,0.0,45.78948,48.31396,47.6374,19.8941,0.0,1.0,0.0,0.0,0.0,0.0,0.0,
0.0,196257.0,0.0,0.0,0.0,0.0,0.0,0.0,8033.0,0.0,0.0,0.0,0.0,0.0,8033.0,0.0,0.0,0.0,0.0,0.0,8033.0,0.0,0.0,0.0,0.0,0.0,8033.0,0.0,0.0,0.0,0.0,0.0,8033.0,0.0,0.0,0.0,0.0,0.0,0.0,1.0,0.0,0.0,0.0,0.0,0.0,196257.0,0.0,0.0,0.0,0.0,0.0,0.0,45.10824,48.49388,47.63658,20.39625,0.0,1.0,0.0,0.0,0.0,0.0,0.0,
0.0,196257.0,0.0,0.0,0.0,0.0,0.0,0.0,8033.0,0.0,0.0,0.0,0.0,0.0,8033.0,0.0,0.0,0.0,0.0,0.0,8033.0,0.0,0.0,0.0,0.0,0.0,8033.0,0.0,0.0,0.0,0.0,0.0,8033.0,0.0,0.0,0.0,0.0,0.0,0.0,1.0,0.0,0.0,0.0,0.0,0.0,196257.0,0.0,0.0,0.0,0.0,0.0,0.0,44.84118,48.45853,47.60393,20.7313,0.0,1.0,0.0,0.0,0.0,0.0,0.0,
0.0,196257.0,0.0,0.0,0.0,0.0,0.0,0.0,8033.0,0.0,0.0,0.0,0.0,0.0,8033.0,0.0,0.0,0.0,0.0,0.0,8033.0,0.0,0.0,0.0,0.0,0.0,8033.0,0.0,0.0,0.0,0.0,0.0,8033.0,0.0,0.0,0.0,0.0,0.0,0.0,1.0,0.0,0.0,0.0,0.0,0.0,196257.0,0.0,0.0,0.0,0.0,0.0,0.0,44.9292,48.08189,47.71984,20.90402,0.0,1.0,0.0,0.0,0.0,0.0,0.0,
0.0,196257.0,0.0,0.0,0.0,0.0,0.0,0.0,8033.0,0.0,0.0,0.0,0.0,0.0,8033.0,0.0,0.0,0.0,0.0,0.0,8033.0,0.0,0.0,0.0,0.0,0.0,8033.0,0.0,0.0,0.0,0.0,0.0,8033.0,0.0,0.0,0.0,0.0,0.0,0.0,1.0,0.0,0.0,0.0,0.0,0.0,196257.0,0.0,0.0,0.0,0.0,0.0,0.0,45.01783,47.43715,47.70354,21.47642,0.0,1.0,0.0,0.0,0.0,0.0,0.0,
0.0,196257.0,0.0,0.0,0.0,0.0,0.0,0.0,8033.0,0.0,0.0,0.0,0.0,0.0,8033.0,0.0,0.0,0.0,0.0,0.0,8033.0,0.0,0.0,0.0,0.0,0.0,8033.0,0.0,0.0,0.0,0.0,0.0,8033.0,0.0,0.0,0.0,0.0,0.0,0.0,1.0,0.0,0.0,0.0,0.0,0.0,196257.0,0.0,0.0,0.0,0.0,0.0,0.0,45.35063,47.27444,47.61826,21.39162,0.0,1.0,0.0,0.0,0.0,0.0,0.0,
0.0,196257.0,0.0,0.0,0.0,0.0,0.0,0.0,8033.0,0.0,0.0,0.0,0.0,0.0,8033.0,0.0,0.0,0.0,0.0,0.0,8033.0,0.0,0.0,0.0,0.0,0.0,8033.0,0.0,0.0,0.0,0.0,0.0,8033.0,0.0,0.0,0.0,0.0,0.0,0.0,1.0,0.0,0.0,0.0,0.0,0.0,196257.0,0.0,0.0,0.0,0.0,0.0,0.0,45.40161,47.11625,47.56925,21.54784,0.0,1.0,0.0,0.0,0.0,0.0,0.0,
0.0,196257.0,0.0,0.0,0.0,0.0,0.0,0.0,8033.0,0.0,0.0,0.0,0.0,0.0,8033.0,0.0,0.0,0.0,0.0,0.0,8033.0,0.0,0.0,0.0,0.0,0.0,8033.0,0.0,0.0,0.0,0.0,0.0,8033.0,0.0,0.0,0.0,0.0,0.0,0.0,1.0,0.0,0.0,0.0,0.0,0.0,196257.0,0.0,0.0,0.0,0.0,0.0,0.0,45.25633,47.36924,47.22537,21.784,0.0,1.0,0.0,0.0,0.0,0.0,0.0,
0.0,196257.0,0.0,0.0,0.0,0.0,0.0,0.0,8033.0,0.0,0.0,0.0,0.0,0.0,8033.0,0.0,0.0,0.0,0.0,0.0,8033.0,0.0,0.0,0.0,0.0,0.0,8033.0,0.0,0.0,0.0,0.0,0.0,8033.0,0.0,0.0,0.0,0.0,0.0,0.0,1.0,0.0,0.0,0.0,0.0,0.0,196257.0,0.0,0.0,0.0,0.0,0.0,0.0,45.08563,46.93233,47.63048,21.9865,0.0,1.0,0.0,0.0,0.0,0.0,0.0,
0.0,196257.0,0.0,0.0,0.0,0.0,0.0,0.0,8033.0,0.0,0.0,0.0,0.0,0.0,8033.0,0.0,0.0,0.0,0.0,0.0,8033.0,0.0,0.0,0.0,0.0,0.0,8033.0,0.0,0.0,0.0,0.0,0.0,8033.0,0.0,0.0,0.0,0.0,0.0,0.0,1.0,0.0,0.0,0.0,0.0,0.0,196257.0,0.0,0.0,0.0,0.0,0.0,0.0,45.09769,46.82181,47.43259,22.28285,0.0,1.0,0.0,0.0,0.0,0.0,0.0,
0.0,196257.0,0.0,0.0,0.0,0.0,0.0,0.0,8033.0,0.0,0.0,0.0,0.0,0.0,8033.0,0.0,0.0,0.0,0.0,0.0,8033.0,0.0,0.0,0.0,0.0,0.0,8033.0,0.0,0.0,0.0,0.0,0.0,8033.0,0.0,0.0,0.0,0.0,0.0,0.0,1.0,0.0,0.0,0.0,0.0,0.0,196257.0,0.0,0.0,0.0,0.0,0.0,0.0,45.27236,46.46294,47.08435,22.81529,0.0,1.0,0.0,0.0,0.0,0.0,0.0,
0.0,196257.0,0.0,0.0,0.0,0.0,0.0,0.0,8033.0,0.0,0.0,0.0,0.0,0.0,8033.0,0.0,0.0,0.0,0.0,0.0,8033.0,0.0,0.0,0.0,0.0,0.0,8033.0,0.0,0.0,0.0,0.0,0.0,8033.0,0.0,0.0,0.0,0.0,0.0,0.0,1.0,0.0,0.0,0.0,0.0,0.0,196257.0,0.0,0.0,0.0,0.0,0.0,0.0,45.6243,46.00017,47.13519,22.87527,0.0,1.0,0.0,0.0,0.0,0.0,0.0,
0.0,196257.0,0.0,0.0,0.0,0.0,0.0,0.0,8033.0,0.0,0.0,0.0,0.0,0.0,8033.0,0.0,0.0,0.0,0.0,0.0,8033.0,0.0,0.0,0.0,0.0,0.0,8033.0,0.0,0.0,0.0,0.0,0.0,8033.0,0.0,0.0,0.0,0.0,0.0,0.0,1.0,0.0,0.0,0.0,0.0,0.0,196257.0,0.0,0.0,0.0,0.0,0.0,0.0,45.08219,46.15082,47.21604,23.1859,0.0,1.0,0.0,0.0,0.0,0.0,0.0,
0.0,196257.0,0.0,0.0,0.0,0.0,0.0,0.0,8033.0,0.0,0.0,0.0,0.0,0.0,8033.0,0.0,0.0,0.0,0.0,0.0,8033.0,0.0,0.0,0.0,0.0,0.0,8033.0,0.0,0.0,0.0,0.0,0.0,8033.0,0.0,0.0,0.0,0.0,0.0,0.0,1.0,0.0,0.0,0.0,0.0,0.0,196257.0,0.0,0.0,0.0,0.0,0.0,0.0,44.90852,46.21077,46.95375,23.56189,0.0,1.0,0.0,0.0,0.0,0.0,0.0,
0.0,196257.0,0.0,0.0,0.0,0.0,0.0,0.0,8033.0,0.0,0.0,0.0,0.0,0.0,8033.0,0.0,0.0,0.0,0.0,0.0,8033.0,0.0,0.0,0.0,0.0,0.0,8033.0,0.0,0.0,0.0,0.0,0.0,8033.0,0.0,0.0,0.0,0.0,0.0,0.0,1.0,0.0,0.0,0.0,0.0,0.0,196257.0,0.0,0.0,0.0,0.0,0.0,0.0,44.96024,46.19601,47.02773,23.45096,0.0,1.0,0.0,0.0,0.0,0.0,0.0,
0.0,196257.0,0.0,0.0,0.0,0.0,0.0,0.0,8033.0,0.0,0.0,0.0,0.0,0.0,8033.0,0.0,0.0,0.0,0.0,0.0,8033.0,0.0,0.0,0.0,0.0,0.0,8033.0,0.0,0.0,0.0,0.0,0.0,8033.0,0.0,0.0,0.0,0.0,0.0,0.0,1.0,0.0,0.0,0.0,0.0,0.0,196257.0,0.0,0.0,0.0,0.0,0.0,0.0,44.90564,45.92937,47.10813,23.6918,0.0,1.0,0.0,0.0,0.0,0.0,0.0,
0.0,196257.0,0.0,0.0,0.0,0.0,0.0,0.0,8033.0,0.0,0.0,0.0,0.0,0.0,8033.0,0.0,0.0,0.0,0.0,0.0,8033.0,0.0,0.0,0.0,0.0,0.0,8033.0,0.0,0.0,0.0,0.0,0.0,8033.0,0.0,0.0,0.0,0.0,0.0,0.0,1.0,0.0,0.0,0.0,0.0,0.0,196257.0,0.0,0.0,0.0,0.0,0.0,0.0,44.46527,46.14039,47.06427,23.96501,0.0,1.0,0.0,0.0,0.0,0.0,0.0,
0.0,196257.0,0.0,0.0,0.0,0.0,0.0,0.0,8033.0,0.0,0.0,0.0,0.0,0.0,8033.0,0.0,0.0,0.0,0.0,0.0,8033.0,0.0,0.0,0.0,0.0,0.0,8033.0,0.0,0.0,0.0,0.0,0.0,8033.0,0.0,0.0,0.0,0.0,0.0,0.0,1.0,0.0,0.0,0.0,0.0,0.0,196257.0,0.0,0.0,0.0,0.0,0.0,0.0,44.62732,45.94096,46.64595,24.42071,0.0,1.0,0.0,0.0,0.0,0.0,0.0,
0.0,196257.0,0.0,0.0,0.0,0.0,0.0,0.0,8033.0,0.0,0.0,0.0,0.0,0.0,8033.0,0.0,0.0,0.0,0.0,0.0,8033.0,0.0,0.0,0.0,0.0,0.0,8033.0,0.0,0.0,0.0,0.0,0.0,8033.0,0.0,0.0,0.0,0.0,0.0,0.0,1.0,0.0,0.0,0.0,0.0,0.0,196257.0,0.0,0.0,0.0,0.0,0.0,0.0,44.30189,45.77154,46.84393,24.71758,0.0,1.0,0.0,0.0,0.0,0.0,0.0,
0.0,196257.0,0.0,0.0,0.0,0.0,0.0,0.0,8033.0,0.0,0.0,0.0,0.0,0.0,8033.0,0.0,0.0,0.0,0.0,0.0,8033.0,0.0,0.0,0.0,0.0,0.0,8033.0,0.0,0.0,0.0,0.0,0.0,8033.0,0.0,0.0,0.0,0.0,0.0,0.0,1.0,0.0,0.0,0.0,0.0,0.0,196257.0,0.0,0.0,0.0,0.0,0.0,0.0,44.20999,45.3712,46.96766,25.08609,0.0,1.0,0.0,0.0,0.0,0.0,0.0,
0.0,196257.0,0.0,0.0,0.0,0.0,0.0,0.0,8033.0,0.0,0.0,0.0,0.0,0.0,8033.0,0.0,0.0,0.0,0.0,0.0,8033.0,0.0,0.0,0.0,0.0,0.0,8033.0,0.0,0.0,0.0,0.0,0.0,8033.0,0.0,0.0,0.0,0.0,0.0,0.0,1.0,0.0,0.0,0.0,0.0,0.0,196257.0,0.0,0.0,0.0,0.0,0.0,0.0,44.24379,45.51614,46.8131,25.06191,0.0,1.0,0.0,0.0,0.0,0.0,0.0,
0.0,196257.0,0.0,0.0,0.0,0.0,0.0,0.0,8033.0,0.0,0.0,0.0,0.0,0.0,8033.0,0.0,0.0,0.0,0.0,0.0,8033.0,0.0,0.0,0.0,0.0,0.0,8033.0,0.0,0.0,0.0,0.0,0.0,8033.0,0.0,0.0,0.0,0.0,0.0,0.0,1.0,0.0,0.0,0.0,0.0,0.0,196257.0,0.0,0.0,0.0,0.0,0.0,0.0,44.11315,45.36096,46.75734,25.4035,0.0,1.0,0.0,0.0,0.0,0.0,0.0,
0.0,196257.0,0.0,0.0,0.0,0.0,0.0,0.0,8033.0,0.0,0.0,0.0,0.0,0.0,8033.0,0.0,0.0,0.0,0.0,0.0,8033.0,0.0,0.0,0.0,0.0,0.0,8033.0,0.0,0.0,0.0,0.0,0.0,8033.0,0.0,0.0,0.0,0.0,0.0,0.0,1.0,0.0,0.0,0.0,0.0,0.0,196257.0,0.0,0.0,0.0,0.0,0.0,0.0,44.1095,45.10864,46.99755,25.41925,0.0,1.0,0.0,0.0,0.0,0.0,0.0,
0.0,196257.0,0.0,0.0,0.0,0.0,0.0,0.0,8033.0,0.0,0.0,0.0,0.0,0.0,8033.0,0.0,0.0,0.0,0.0,0.0,8033.0,0.0,0.0,0.0,0.0,0.0,8033.0,0.0,0.0,0.0,0.0,0.0,8033.0,0.0,0.0,0.0,0.0,0.0,0.0,1.0,0.0,0.0,0.0,0.0,0.0,196257.0,0.0,0.0,0.0,0.0,0.0,0.0,43.92648,45.3117,46.54232,25.85443,0.0,1.0,0.0,0.0,0.0,0.0,0.0,
0.0,196257.0,0.0,0.0,0.0,0.0,0.0,0.0,8033.0,0.0,0.0,0.0,0.0,0.0,8033.0,0.0,0.0,0.0,0.0,0.0,8033.0,0.0,0.0,0.0,0.0,0.0,8033.0,0.0,0.0,0.0,0.0,0.0,8033.0,0.0,0.0,0.0,0.0,0.0,0.0,1.0,0.0,0.0,0.0,0.0,0.0,196257.0,0.0,0.0,0.0,0.0,0.0,0.0,43.8399,45.26534,46.16719,26.36251,0.0,1.0,0.0,0.0,0.0,0.0,0.0,
0.0,196257.0,0.0,0.0,0.0,0.0,0.0,0.0,8033.0,0.0,0.0,0.0,0.0,0.0,8033.0,0.0,0.0,0.0,0.0,0.0,8033.0,0.0,0.0,0.0,0.0,0.0,8033.0,0.0,0.0,0.0,0.0,0.0,8033.0,0.0,0.0,0.0,0.0,0.0,0.0,1.0,0.0,0.0,0.0,0.0,0.0,196257.0,0.0,0.0,0.0,0.0,0.0,0.0,43.96213,45.12789,46.05879,26.48613,0.0,1.0,0.0,0.0,0.0,0.0,0.0,
0.0,196257.0,0.0,0.0,0.0,0.0,0.0,0.0,8033.0,0.0,0.0,0.0,0.0,0.0,8033.0,0.0,0.0,0.0,0.0,0.0,8033.0,0.0,0.0,0.0,0.0,0.0,8033.0,0.0,0.0,0.0,0.0,0.0,8033.0,0.0,0.0,0.0,0.0,0.0,0.0,1.0,0.0,0.0,0.0,0.0,0.0,196257.0,0.0,0.0,0.0,0.0,0.0,0.0,43.90893,45.0718,46.06624,26.58796,0.0,1.0,0.0,0.0,0.0,0.0,0.0,
0.0,196257.0,0.0,0.0,0.0,0.0,0.0,0.0,8033.0,0.0,0.0,0.0,0.0,0.0,8033.0,0.0,0.0,0.0,0.0,0.0,8033.0,0.0,0.0,0.0,0.0,0.0,8033.0,0.0,0.0,0.0,0.0,0.0,8033.0,0.0,0.0,0.0,0.0,0.0,0.0,1.0,0.0,0.0,0.0,0.0,0.0,196257.0,0.0,0.0,0.0,0.0,0.0,0.0,43.84161,44.44756,46.47317,26.8726,0.0,1.0,0.0,0.0,0.0,0.0,0.0,
0.0,196257.0,0.0,0.0,0.0,0.0,0.0,0.0,8033.0,0.0,0.0,0.0,0.0,0.0,8033.0,0.0,0.0,0.0,0.0,0.0,8033.0,0.0,0.0,0.0,0.0,0.0,8033.0,0.0,0.0,0.0,0.0,0.0,8033.0,0.0,0.0,0.0,0.0,0.0,0.0,1.0,0.0,0.0,0.0,0.0,0.0,196257.0,0.0,0.0,0.0,0.0,0.0,0.0,43.57138,44.63437,46.26462,27.16458,0.0,1.0,0.0,0.0,0.0,0.0,0.0,
0.0,196257.0,0.0,0.0,0.0,0.0,0.0,0.0,8033.0,0.0,0.0,0.0,0.0,0.0,8033.0,0.0,0.0,0.0,0.0,0.0,8033.0,0.0,0.0,0.0,0.0,0.0,8033.0,0.0,0.0,0.0,0.0,0.0,8033.0,0.0,0.0,0.0,0.0,0.0,0.0,1.0,0.0,0.0,0.0,0.0,0.0,196257.0,0.0,0.0,0.0,0.0,0.0,0.0,43.55948,44.69651,46.01861,27.36034,0.0,1.0,0.0,0.0,0.0,0.0,0.0,
0.0,196257.0,0.0,0.0,0.0,0.0,0.0,0.0,8033.0,0.0,0.0,0.0,0.0,0.0,8033.0,0.0,0.0,0.0,0.0,0.0,8033.0,0.0,0.0,0.0,0.0,0.0,8033.0,0.0,0.0,0.0,0.0,0.0,8033.0,0.0,0.0,0.0,0.0,0.0,0.0,1.0,0.0,0.0,0.0,0.0,0.0,196257.0,0.0,0.0,0.0,0.0,0.0,0.0,43.57566,44.51367,46.14312,27.40249,0.0,1.0,0.0,0.0,0.0,0.0,0.0,
0.0,196257.0,0.0,0.0,0.0,0.0,0.0,0.0,8033.0,0.0,0.0,0.0,0.0,0.0,8033.0,0.0,0.0,0.0,0.0,0.0,8033.0,0.0,0.0,0.0,0.0,0.0,8033.0,0.0,0.0,0.0,0.0,0.0,8033.0,0.0,0.0,0.0,0.0,0.0,0.0,1.0,0.0,0.0,0.0,0.0,0.0,196257.0,0.0,0.0,0.0,0.0,0.0,0.0,43.63833,44.44067,45.9008,27.65514,0.0,1.0,0.0,0.0,0.0,0.0,0.0,
0.0,196257.0,0.0,0.0,0.0,0.0,0.0,0.0,8033.0,0.0,0.0,0.0,0.0,0.0,8033.0,0.0,0.0,0.0,0.0,0.0,8033.0,0.0,0.0,0.0,0.0,0.0,8033.0,0.0,0.0,0.0,0.0,0.0,8033.0,0.0,0.0,0.0,0.0,0.0,0.0,1.0,0.0,0.0,0.0,0.0,0.0,196257.0,0.0,0.0,0.0,0.0,0.0,0.0,43.27584,44.49776,45.67701,28.18433,0.0,1.0,0.0,0.0,0.0,0.0,0.0,
0.0,196257.0,0.0,0.0,0.0,0.0,0.0,0.0,8033.0,0.0,0.0,0.0,0.0,0.0,8033.0,0.0,0.0,0.0,0.0,0.0,8033.0,0.0,0.0,0.0,0.0,0.0,8033.0,0.0,0.0,0.0,0.0,0.0,8033.0,0.0,0.0,0.0,0.0,0.0,0.0,1.0,0.0,0.0,0.0,0.0,0.0,196257.0,0.0,0.0,0.0,0.0,0.0,0.0,43.49222,44.27319,45.694,28.17554,0.0,1.0,0.0,0.0,0.0,0.0,0.0,
0.0,196257.0,0.0,0.0,0.0,0.0,0.0,0.0,8033.0,0.0,0.0,0.0,0.0,0.0,8033.0,0.0,0.0,0.0,0.0,0.0,8033.0,0.0,0.0,0.0,0.0,0.0,8033.0,0.0,0.0,0.0,0.0,0.0,8033.0,0.0,0.0,0.0,0.0,0.0,0.0,1.0,0.0,0.0,0.0,0.0,0.0,196257.0,0.0,0.0,0.0,0.0,0.0,0.0,43.43506,43.88317,45.69923,28.61748,0.0,1.0,0.0,0.0,0.0,0.0,0.0,
0.0,196257.0,0.0,0.0,0.0,0.0,0.0,0.0,8033.0,0.0,0.0,0.0,0.0,0.0,8033.0,0.0,0.0,0.0,0.0,0.0,8033.0,0.0,0.0,0.0,0.0,0.0,8033.0,0.0,0.0,0.0,0.0,0.0,8033.0,0.0,0.0,0.0,0.0,0.0,0.0,1.0,0.0,0.0,0.0,0.0,0.0,196257.0,0.0,0.0,0.0,0.0,0.0,0.0,42.90791,43.97773,45.74837,29.00093,0.0,1.0,0.0,0.0,0.0,0.0,0.0,
0.0,196257.0,0.0,0.0,0.0,0.0,0.0,0.0,8033.0,0.0,0.0,0.0,0.0,0.0,8033.0,0.0,0.0,0.0,0.0,0.0,8033.0,0.0,0.0,0.0,0.0,0.0,8033.0,0.0,0.0,0.0,0.0,0.0,8033.0,0.0,0.0,0.0,0.0,0.0,0.0,1.0,0.0,0.0,0.0,0.0,0.0,196257.0,0.0,0.0,0.0,0.0,0.0,0.0,43.28021,43.80505,45.56515,28.98453,0.0,1.0,0.0,0.0,0.0,0.0,0.0,
0.0,196257.0,0.0,0.0,0.0,0.0,0.0,0.0,8033.0,0.0,0.0,0.0,0.0,0.0,8033.0,0.0,0.0,0.0,0.0,0.0,8033.0,0.0,0.0,0.0,0.0,0.0,8033.0,0.0,0.0,0.0,0.0,0.0,8033.0,0.0,0.0,0.0,0.0,0.0,0.0,1.0,0.0,0.0,0.0,0.0,0.0,196257.0,0.0,0.0,0.0,0.0,0.0,0.0,43.14008,43.25081,45.77542,29.46863,0.0,1.0,0.0,0.0,0.0,0.0,0.0,
0.0,196257.0,0.0,0.0,0.0,0.0,0.0,0.0,8033.0,0.0,0.0,0.0,0.0,0.0,8033.0,0.0,0.0,0.0,0.0,0.0,8033.0,0.0,0.0,0.0,0.0,0.0,8033.0,0.0,0.0,0.0,0.0,0.0,8033.0,0.0,0.0,0.0,0.0,0.0,0.0,1.0,0.0,0.0,0.0,0.0,0.0,196257.0,0.0,0.0,0.0,0.0,0.0,0.0,42.76024,43.49106,46.0474,29.33624,0.0,1.0,0.0,0.0,0.0,0.0,0.0,
0.0,196257.0,0.0,0.0,0.0,0.0,0.0,0.0,8033.0,0.0,0.0,0.0,0.0,0.0,8033.0,0.0,0.0,0.0,0.0,0.0,8033.0,0.0,0.0,0.0,0.0,0.0,8033.0,0.0,0.0,0.0,0.0,0.0,8033.0,0.0,0.0,0.0,0.0,0.0,0.0,1.0,0.0,0.0,0.0,0.0,0.0,196257.0,0.0,0.0,0.0,0.0,0.0,0.0,42.68011,43.25155,46.02566,29.67763,0.0,1.0,0.0,0.0,0.0,0.0,0.0,
0.0,196257.0,0.0,0.0,0.0,0.0,0.0,0.0,8033.0,0.0,0.0,0.0,0.0,0.0,8033.0,0.0,0.0,0.0,0.0,0.0,8033.0,0.0,0.0,0.0,0.0,0.0,8033.0,0.0,0.0,0.0,0.0,0.0,8033.0,0.0,0.0,0.0,0.0,0.0,0.0,1.0,0.0,0.0,0.0,0.0,0.0,196257.0,0.0,0.0,0.0,0.0,0.0,0.0,42.81902,43.01102,45.84453,29.96037,0.0,1.0,0.0,0.0,0.0,0.0,0.0,
0.0,196257.0,0.0,0.0,0.0,0.0,0.0,0.0,8033.0,0.0,0.0,0.0,0.0,0.0,8033.0,0.0,0.0,0.0,0.0,0.0,8033.0,0.0,0.0,0.0,0.0,0.0,8033.0,0.0,0.0,0.0,0.0,0.0,8033.0,0.0,0.0,0.0,0.0,0.0,0.0,1.0,0.0,0.0,0.0,0.0,0.0,196257.0,0.0,0.0,0.0,0.0,0.0,0.0,42.62834,43.2718,45.61945,30.11536,0.0,1.0,0.0,0.0,0.0,0.0,0.0,
0.0,196257.0,0.0,0.0,0.0,0.0,0.0,0.0,8033.0,0.0,0.0,0.0,0.0,0.0,8033.0,0.0,0.0,0.0,0.0,0.0,8033.0,0.0,0.0,0.0,0.0,0.0,8033.0,0.0,0.0,0.0,0.0,0.0,8033.0,0.0,0.0,0.0,0.0,0.0,0.0,1.0,0.0,0.0,0.0,0.0,0.0,196257.0,0.0,0.0,0.0,0.0,0.0,0.0,42.69595,43.08546,45.65428,30.19926,0.0,1.0,0.0,0.0,0.0,0.0,0.0,
0.0,196257.0,0.0,0.0,0.0,0.0,0.0,0.0,8033.0,0.0,0.0,0.0,0.0,0.0,8033.0,0.0,0.0,0.0,0.0,0.0,8033.0,0.0,0.0,0.0,0.0,0.0,8033.0,0.0,0.0,0.0,0.0,0.0,8033.0,0.0,0.0,0.0,0.0,0.0,0.0,1.0,0.0,0.0,0.0,0.0,0.0,196257.0,0.0,0.0,0.0,0.0,0.0,0.0,42.51397,43.26577,45.78631,30.06889,0.0,1.0,0.0,0.0,0.0,0.0,0.0,
0.0,196257.0,0.0,0.0,0.0,0.0,0.0,0.0,8033.0,0.0,0.0,0.0,0.0,0.0,8033.0,0.0,0.0,0.0,0.0,0.0,8033.0,0.0,0.0,0.0,0.0,0.0,8033.0,0.0,0.0,0.0,0.0,0.0,8033.0,0.0,0.0,0.0,0.0,0.0,0.0,1.0,0.0,0.0,0.0,0.0,0.0,196257.0,0.0,0.0,0.0,0.0,0.0,0.0,42.33308,42.83538,45.85633,30.61015,0.0,1.0,0.0,0.0,0.0,0.0,0.0,
0.0,196257.0,0.0,0.0,0.0,0.0,0.0,0.0,8033.0,0.0,0.0,0.0,0.0,0.0,8033.0,0.0,0.0,0.0,0.0,0.0,8033.0,0.0,0.0,0.0,0.0,0.0,8033.0,0.0,0.0,0.0,0.0,0.0,8033.0,0.0,0.0,0.0,0.0,0.0,0.0,1.0,0.0,0.0,0.0,0.0,0.0,196257.0,0.0,0.0,0.0,0.0,0.0,0.0,42.03725,42.93778,45.90905,30.75086,0.0,1.0,0.0,0.0,0.0,0.0,0.0,
0.0,196257.0,0.0,0.0,0.0,0.0,0.0,0.0,8033.0,0.0,0.0,0.0,0.0,0.0,8033.0,0.0,0.0,0.0,0.0,0.0,8033.0,0.0,0.0,0.0,0.0,0.0,8033.0,0.0,0.0,0.0,0.0,0.0,8033.0,0.0,0.0,0.0,0.0,0.0,0.0,1.0,0.0,0.0,0.0,0.0,0.0,196257.0,0.0,0.0,0.0,0.0,0.0,0.0,41.88709,43.19812,45.69039,30.85933,0.0,1.0,0.0,0.0,0.0,0.0,0.0,
0.0,196257.0,0.0,0.0,0.0,0.0,0.0,0.0,8033.0,0.0,0.0,0.0,0.0,0.0,8033.0,0.0,0.0,0.0,0.0,0.0,8033.0,0.0,0.0,0.0,0.0,0.0,8033.0,0.0,0.0,0.0,0.0,0.0,8033.0,0.0,0.0,0.0,0.0,0.0,0.0,1.0,0.0,0.0,0.0,0.0,0.0,196257.0,0.0,0.0,0.0,0.0,0.0,0.0,42.13122,42.09118,45.75059,31.66195,0.0,1.0,0.0,0.0,0.0,0.0,0.0,
0.0,196257.0,0.0,0.0,0.0,0.0,0.0,0.0,8033.0,0.0,0.0,0.0,0.0,0.0,8033.0,0.0,0.0,0.0,0.0,0.0,8033.0,0.0,0.0,0.0,0.0,0.0,8033.0,0.0,0.0,0.0,0.0,0.0,8033.0,0.0,0.0,0.0,0.0,0.0,0.0,1.0,0.0,0.0,0.0,0.0,0.0,196257.0,0.0,0.0,0.0,0.0,0.0,0.0,42.33573,42.1576,45.46461,31.677,0.0,1.0,0.0,0.0,0.0,0.0,0.0,
0.0,196257.0,0.0,0.0,0.0,0.0,0.0,0.0,8033.0,0.0,0.0,0.0,0.0,0.0,8033.0,0.0,0.0,0.0,0.0,0.0,8033.0,0.0,0.0,0.0,0.0,0.0,8033.0,0.0,0.0,0.0,0.0,0.0,8033.0,0.0,0.0,0.0,0.0,0.0,0.0,1.0,0.0,0.0,0.0,0.0,0.0,196257.0,0.0,0.0,0.0,0.0,0.0,0.0,42.24668,41.92488,45.41096,32.05242,0.0,1.0,0.0,0.0,0.0,0.0,0.0,
0.0,196257.0,0.0,0.0,0.0,0.0,0.0,0.0,8033.0,0.0,0.0,0.0,0.0,0.0,8033.0,0.0,0.0,0.0,0.0,0.0,8033.0,0.0,0.0,0.0,0.0,0.0,8033.0,0.0,0.0,0.0,0.0,0.0,8033.0,0.0,0.0,0.0,0.0,0.0,0.0,1.0,0.0,0.0,0.0,0.0,0.0,196257.0,0.0,0.0,0.0,0.0,0.0,0.0,42.06686,41.81313,45.5282,32.22675,0.0,1.0,0.0,0.0,0.0,0.0,0.0,
0.0,196257.0,0.0,0.0,0.0,0.0,0.0,0.0,8033.0,0.0,0.0,0.0,0.0,0.0,8033.0,0.0,0.0,0.0,0.0,0.0,8033.0,0.0,0.0,0.0,0.0,0.0,8033.0,0.0,0.0,0.0,0.0,0.0,8033.0,0.0,0.0,0.0,0.0,0.0,0.0,1.0,0.0,0.0,0.0,0.0,0.0,196257.0,0.0,0.0,0.0,0.0,0.0,0.0,42.28471,41.44922,45.43078,32.47023,0.0,1.0,0.0,0.0,0.0,0.0,0.0,
0.0,196257.0,0.0,0.0,0.0,0.0,0.0,0.0,8033.0,0.0,0.0,0.0,0.0,0.0,8033.0,0.0,0.0,0.0,0.0,0.0,8033.0,0.0,0.0,0.0,0.0,0.0,8033.0,0.0,0.0,0.0,0.0,0.0,8033.0,0.0,0.0,0.0,0.0,0.0,0.0,1.0,0.0,0.0,0.0,0.0,0.0,196257.0,0.0,0.0,0.0,0.0,0.0,0.0,42.16364,41.17038,45.60323,32.69768,0.0,1.0,0.0,0.0,0.0,0.0,0.0,
0.0,196257.0,0.0,0.0,0.0,0.0,0.0,0.0,8033.0,0.0,0.0,0.0,0.0,0.0,8033.0,0.0,0.0,0.0,0.0,0.0,8033.0,0.0,0.0,0.0,0.0,0.0,8033.0,0.0,0.0,0.0,0.0,0.0,8033.0,0.0,0.0,0.0,0.0,0.0,0.0,1.0,0.0,0.0,0.0,0.0,0.0,196257.0,0.0,0.0,0.0,0.0,0.0,0.0,41.96902,41.37299,45.13933,33.15361,0.0,1.0,0.0,0.0,0.0,0.0,0.0,
0.0,196257.0,0.0,0.0,0.0,0.0,0.0,0.0,8033.0,0.0,0.0,0.0,0.0,0.0,8033.0,0.0,0.0,0.0,0.0,0.0,8033.0,0.0,0.0,0.0,0.0,0.0,8033.0,0.0,0.0,0.0,0.0,0.0,8033.0,0.0,0.0,0.0,0.0,0.0,0.0,1.0,0.0,0.0,0.0,0.0,0.0,196257.0,0.0,0.0,0.0,0.0,0.0,0.0,42.0951,41.80023,44.33622,33.40339,0.0,1.0,0.0,0.0,0.0,0.0,0.0,
0.0,196257.0,0.0,0.0,0.0,0.0,0.0,0.0,8033.0,0.0,0.0,0.0,0.0,0.0,8033.0,0.0,0.0,0.0,0.0,0.0,8033.0,0.0,0.0,0.0,0.0,0.0,8033.0,0.0,0.0,0.0,0.0,0.0,8033.0,0.0,0.0,0.0,0.0,0.0,0.0,1.0,0.0,0.0,0.0,0.0,0.0,196257.0,0.0,0.0,0.0,0.0,0.0,0.0,41.60643,41.80213,44.50268,33.7237,0.0,1.0,0.0,0.0,0.0,0.0,0.0,
0.0,196257.0,0.0,0.0,0.0,0.0,0.0,0.0,8033.0,0.0,0.0,0.0,0.0,0.0,8033.0,0.0,0.0,0.0,0.0,0.0,8033.0,0.0,0.0,0.0,0.0,0.0,8033.0,0.0,0.0,0.0,0.0,0.0,8033.0,0.0,0.0,0.0,0.0,0.0,0.0,1.0,0.0,0.0,0.0,0.0,0.0,196257.0,0.0,0.0,0.0,0.0,0.0,0.0,41.86026,41.55073,44.50492,33.71903,0.0,1.0,0.0,0.0,0.0,0.0,0.0,
0.0,196257.0,0.0,0.0,0.0,0.0,0.0,0.0,8033.0,0.0,0.0,0.0,0.0,0.0,8033.0,0.0,0.0,0.0,0.0,0.0,8033.0,0.0,0.0,0.0,0.0,0.0,8033.0,0.0,0.0,0.0,0.0,0.0,8033.0,0.0,0.0,0.0,0.0,0.0,0.0,1.0,0.0,0.0,0.0,0.0,0.0,196257.0,0.0,0.0,0.0,0.0,0.0,0.0,41.53427,41.57549,44.90293,33.62225,0.0,1.0,0.0,0.0,0.0,0.0,0.0,
0.0,196257.0,0.0,0.0,0.0,0.0,0.0,0.0,8033.0,0.0,0.0,0.0,0.0,0.0,8033.0,0.0,0.0,0.0,0.0,0.0,8033.0,0.0,0.0,0.0,0.0,0.0,8033.0,0.0,0.0,0.0,0.0,0.0,8033.0,0.0,0.0,0.0,0.0,0.0,0.0,1.0,0.0,0.0,0.0,0.0,0.0,196257.0,0.0,0.0,0.0,0.0,0.0,0.0,41.30902,41.78199,44.60949,33.93445,0.0,1.0,0.0,0.0,0.0,0.0,0.0,
0.0,196257.0,0.0,0.0,0.0,0.0,0.0,0.0,8033.0,0.0,0.0,0.0,0.0,0.0,8033.0,0.0,0.0,0.0,0.0,0.0,8033.0,0.0,0.0,0.0,0.0,0.0,8033.0,0.0,0.0,0.0,0.0,0.0,8033.0,0.0,0.0,0.0,0.0,0.0,0.0,1.0,0.0,0.0,0.0,0.0,0.0,196257.0,0.0,0.0,0.0,0.0,0.0,0.0,41.50601,41.2688,44.89637,33.96376,0.0,1.0,0.0,0.0,0.0,0.0,0.0,
0.0,196257.0,0.0,0.0,0.0,0.0,0.0,0.0,8033.0,0.0,0.0,0.0,0.0,0.0,8033.0,0.0,0.0,0.0,0.0,0.0,8033.0,0.0,0.0,0.0,0.0,0.0,8033.0,0.0,0.0,0.0,0.0,0.0,8033.0,0.0,0.0,0.0,0.0,0.0,0.0,1.0,0.0,0.0,0.0,0.0,0.0,196257.0,0.0,0.0,0.0,0.0,0.0,0.0,41.35297,41.06234,44.66357,34.55607,0.0,1.0,0.0,0.0,0.0,0.0,0.0,
0.0,196257.0,0.0,0.0,0.0,0.0,0.0,0.0,8033.0,0.0,0.0,0.0,0.0,0.0,8033.0,0.0,0.0,0.0,0.0,0.0,8033.0,0.0,0.0,0.0,0.0,0.0,8033.0,0.0,0.0,0.0,0.0,0.0,8033.0,0.0,0.0,0.0,0.0,0.0,0.0,1.0,0.0,0.0,0.0,0.0,0.0,196257.0,0.0,0.0,0.0,0.0,0.0,0.0,41.03339,41.29907,44.31628,34.9862,0.0,1.0,0.0,0.0,0.0,0.0,0.0,
0.0,196257.0,0.0,0.0,0.0,0.0,0.0,0.0,8033.0,0.0,0.0,0.0,0.0,0.0,8033.0,0.0,0.0,0.0,0.0,0.0,8033.0,0.0,0.0,0.0,0.0,0.0,8033.0,0.0,0.0,0.0,0.0,0.0,8033.0,0.0,0.0,0.0,0.0,0.0,0.0,1.0,0.0,0.0,0.0,0.0,0.0,196257.0,0.0,0.0,0.0,0.0,0.0,0.0,40.59716,41.5827,44.3811,35.07399,0.0,1.0,0.0,0.0,0.0,0.0,0.0,
0.0,196257.0,0.0,0.0,0.0,0.0,0.0,0.0,8033.0,0.0,0.0,0.0,0.0,0.0,8033.0,0.0,0.0,0.0,0.0,0.0,8033.0,0.0,0.0,0.0,0.0,0.0,8033.0,0.0,0.0,0.0,0.0,0.0,8033.0,0.0,0.0,0.0,0.0,0.0,0.0,1.0,0.0,0.0,0.0,0.0,0.0,196257.0,0.0,0.0,0.0,0.0,0.0,0.0,40.69302,41.28642,44.23775,35.41776,0.0,1.0,0.0,0.0,0.0,0.0,0.0,
0.0,196257.0,0.0,0.0,0.0,0.0,0.0,0.0,8033.0,0.0,0.0,0.0,0.0,0.0,8033.0,0.0,0.0,0.0,0.0,0.0,8033.0,0.0,0.0,0.0,0.0,0.0,8033.0,0.0,0.0,0.0,0.0,0.0,8033.0,0.0,0.0,0.0,0.0,0.0,0.0,1.0,0.0,0.0,0.0,0.0,0.0,196257.0,0.0,0.0,0.0,0.0,0.0,0.0,40.22677,41.19801,44.20278,36.00738,0.0,1.0,0.0,0.0,0.0,0.0,0.0,
0.0,196257.0,0.0,0.0,0.0,0.0,0.0,0.0,8033.0,0.0,0.0,0.0,0.0,0.0,8033.0,0.0,0.0,0.0,0.0,0.0,8033.0,0.0,0.0,0.0,0.0,0.0,8033.0,0.0,0.0,0.0,0.0,0.0,8033.0,0.0,0.0,0.0,0.0,0.0,0.0,1.0,0.0,0.0,0.0,0.0,0.0,196257.0,0.0,0.0,0.0,0.0,0.0,0.0,40.28919,41.10209,44.22683,36.01683,0.0,1.0,0.0,0.0,0.0,0.0,0.0,
0.0,196257.0,0.0,0.0,0.0,0.0,0.0,0.0,8033.0,0.0,0.0,0.0,0.0,0.0,8033.0,0.0,0.0,0.0,0.0,0.0,8033.0,0.0,0.0,0.0,0.0,0.0,8033.0,0.0,0.0,0.0,0.0,0.0,8033.0,0.0,0.0,0.0,0.0,0.0,0.0,1.0,0.0,0.0,0.0,0.0,0.0,196257.0,0.0,0.0,0.0,0.0,0.0,0.0,40.28623,41.00273,44.2236,36.12239,0.0,1.0,0.0,0.0,0.0,0.0,0.0,
0.0,196257.0,0.0,0.0,0.0,0.0,0.0,0.0,8033.0,0.0,0.0,0.0,0.0,0.0,8033.0,0.0,0.0,0.0,0.0,0.0,8033.0,0.0,0.0,0.0,0.0,0.0,8033.0,0.0,0.0,0.0,0.0,0.0,8033.0,0.0,0.0,0.0,0.0,0.0,0.0,1.0,0.0,0.0,0.0,0.0,0.0,196257.0,0.0,0.0,0.0,0.0,0.0,0.0,40.26197,40.67056,44.38876,36.31364,0.0,1.0,0.0,0.0,0.0,0.0,0.0,
0.0,196257.0,0.0,0.0,0.0,0.0,0.0,0.0,8033.0,0.0,0.0,0.0,0.0,0.0,8033.0,0.0,0.0,0.0,0.0,0.0,8033.0,0.0,0.0,0.0,0.0,0.0,8033.0,0.0,0.0,0.0,0.0,0.0,8033.0,0.0,0.0,0.0,0.0,0.0,0.0,1.0,0.0,0.0,0.0,0.0,0.0,196257.0,0.0,0.0,0.0,0.0,0.0,0.0,40.43238,40.58983,44.1725,36.44024,0.0,1.0,0.0,0.0,0.0,0.0,0.0,
0.0,196257.0,0.0,0.0,0.0,0.0,0.0,0.0,8033.0,0.0,0.0,0.0,0.0,0.0,8033.0,0.0,0.0,0.0,0.0,0.0,8033.0,0.0,0.0,0.0,0.0,0.0,8033.0,0.0,0.0,0.0,0.0,0.0,8033.0,0.0,0.0,0.0,0.0,0.0,0.0,1.0,0.0,0.0,0.0,0.0,0.0,196257.0,0.0,0.0,0.0,0.0,0.0,0.0,40.37606,40.73918,44.00198,36.51771,0.0,1.0,0.0,0.0,0.0,0.0,0.0,
0.0,196257.0,0.0,0.0,0.0,0.0,0.0,0.0,8033.0,0.0,0.0,0.0,0.0,0.0,8033.0,0.0,0.0,0.0,0.0,0.0,8033.0,0.0,0.0,0.0,0.0,0.0,8033.0,0.0,0.0,0.0,0.0,0.0,8033.0,0.0,0.0,0.0,0.0,0.0,0.0,1.0,0.0,0.0,0.0,0.0,0.0,196257.0,0.0,0.0,0.0,0.0,0.0,0.0,39.79785,41.17427,43.94778,36.71504,0.0,1.0,0.0,0.0,0.0,0.0,0.0,
0.0,196257.0,0.0,0.0,0.0,0.0,0.0,0.0,8033.0,0.0,0.0,0.0,0.0,0.0,8033.0,0.0,0.0,0.0,0.0,0.0,8033.0,0.0,0.0,0.0,0.0,0.0,8033.0,0.0,0.0,0.0,0.0,0.0,8033.0,0.0,0.0,0.0,0.0,0.0,0.0,1.0,0.0,0.0,0.0,0.0,0.0,196257.0,0.0,0.0,0.0,0.0,0.0,0.0,39.89671,41.00209,43.63595,37.1002,0.0,1.0,0.0,0.0,0.0,0.0,0.0,
0.0,196257.0,0.0,0.0,0.0,0.0,0.0,0.0,8033.0,0.0,0.0,0.0,0.0,0.0,8033.0,0.0,0.0,0.0,0.0,0.0,8033.0,0.0,0.0,0.0,0.0,0.0,8033.0,0.0,0.0,0.0,0.0,0.0,8033.0,0.0,0.0,0.0,0.0,0.0,0.0,1.0,0.0,0.0,0.0,0.0,0.0,196257.0,0.0,0.0,0.0,0.0,0.0,0.0,40.04677,40.89678,43.53677,37.15461,0.0,1.0,0.0,0.0,0.0,0.0,0.0,
0.0,196257.0,0.0,0.0,0.0,0.0,0.0,0.0,8033.0,0.0,0.0,0.0,0.0,0.0,8033.0,0.0,0.0,0.0,0.0,0.0,8033.0,0.0,0.0,0.0,0.0,0.0,8033.0,0.0,0.0,0.0,0.0,0.0,8033.0,0.0,0.0,0.0,0.0,0.0,0.0,1.0,0.0,0.0,0.0,0.0,0.0,196257.0,0.0,0.0,0.0,0.0,0.0,0.0,39.37541,41.05723,43.47915,37.72316,0.0,1.0,0.0,0.0,0.0,0.0,0.0,
0.0,196257.0,0.0,0.0,0.0,0.0,0.0,0.0,8033.0,0.0,0.0,0.0,0.0,0.0,8033.0,0.0,0.0,0.0,0.0,0.0,8033.0,0.0,0.0,0.0,0.0,0.0,8033.0,0.0,0.0,0.0,0.0,0.0,8033.0,0.0,0.0,0.0,0.0,0.0,0.0,1.0,0.0,0.0,0.0,0.0,0.0,196257.0,0.0,0.0,0.0,0.0,0.0,0.0,39.81066,40.73349,43.63119,37.45961,0.0,1.0,0.0,0.0,0.0,0.0,0.0,
0.0,196257.0,0.0,0.0,0.0,0.0,0.0,0.0,8033.0,0.0,0.0,0.0,0.0,0.0,8033.0,0.0,0.0,0.0,0.0,0.0,8033.0,0.0,0.0,0.0,0.0,0.0,8033.0,0.0,0.0,0.0,0.0,0.0,8033.0,0.0,0.0,0.0,0.0,0.0,0.0,1.0,0.0,0.0,0.0,0.0,0.0,196257.0,0.0,0.0,0.0,0.0,0.0,0.0,39.46574,40.87694,43.80481,37.48746,0.0,1.0,0.0,0.0,0.0,0.0,0.0,
0.0,196257.0,0.0,0.0,0.0,0.0,0.0,0.0,8033.0,0.0,0.0,0.0,0.0,0.0,8033.0,0.0,0.0,0.0,0.0,0.0,8033.0,0.0,0.0,0.0,0.0,0.0,8033.0,0.0,0.0,0.0,0.0,0.0,8033.0,0.0,0.0,0.0,0.0,0.0,0.0,1.0,0.0,0.0,0.0,0.0,0.0,196257.0,0.0,0.0,0.0,0.0,0.0,0.0,39.45845,40.85949,43.46138,37.85563,0.0,1.0,0.0,0.0,0.0,0.0,0.0,
0.0,196257.0,0.0,0.0,0.0,0.0,0.0,0.0,8033.0,0.0,0.0,0.0,0.0,0.0,8033.0,0.0,0.0,0.0,0.0,0.0,8033.0,0.0,0.0,0.0,0.0,0.0,8033.0,0.0,0.0,0.0,0.0,0.0,8033.0,0.0,0.0,0.0,0.0,0.0,0.0,1.0,0.0,0.0,0.0,0.0,0.0,196257.0,0.0,0.0,0.0,0.0,0.0,0.0,39.46062,40.64871,43.55398,37.97163,0.0,1.0,0.0,0.0,0.0,0.0,0.0,
0.0,196257.0,0.0,0.0,0.0,0.0,0.0,0.0,8033.0,0.0,0.0,0.0,0.0,0.0,8033.0,0.0,0.0,0.0,0.0,0.0,8033.0,0.0,0.0,0.0,0.0,0.0,8033.0,0.0,0.0,0.0,0.0,0.0,8033.0,0.0,0.0,0.0,0.0,0.0,0.0,1.0,0.0,0.0,0.0,0.0,0.0,196257.0,0.0,0.0,0.0,0.0,0.0,0.0,39.08941,40.20973,44.03539,38.30041,0.0,1.0,0.0,0.0,0.0,0.0,0.0,
0.0,196257.0,0.0,0.0,0.0,0.0,0.0,0.0,8033.0,0.0,0.0,0.0,0.0,0.0,8033.0,0.0,0.0,0.0,0.0,0.0,8033.0,0.0,0.0,0.0,0.0,0.0,8033.0,0.0,0.0,0.0,0.0,0.0,8033.0,0.0,0.0,0.0,0.0,0.0,0.0,1.0,0.0,0.0,0.0,0.0,0.0,196257.0,0.0,0.0,0.0,0.0,0.0,0.0,38.87766,40.15991,43.8626,38.73478,0.0,1.0,0.0,0.0,0.0,0.0,0.0,
0.0,196257.0,0.0,0.0,0.0,0.0,0.0,0.0,8033.0,0.0,0.0,0.0,0.0,0.0,8033.0,0.0,0.0,0.0,0.0,0.0,8033.0,0.0,0.0,0.0,0.0,0.0,8033.0,0.0,0.0,0.0,0.0,0.0,8033.0,0.0,0.0,0.0,0.0,0.0,0.0,1.0,0.0,0.0,0.0,0.0,0.0,196257.0,0.0,0.0,0.0,0.0,0.0,0.0,38.78471,40.06563,43.92227,38.86234,0.0,1.0,0.0,0.0,0.0,0.0,0.0,
